COLLEGE,CYS,TYPE OF FUNDING,TYPE OF SCHOLARSHIP,PROG
CBAA,BOM11,INTERNALLY,NON ACADEMIC, VARSITY -  50% TLMOF
CBAA,BOM22,INTERNALLY,NON ACADEMIC, VARSITY -  50% TLMOF
CBAA,ENR41,INTERNALLY,NON ACADEMIC, VARSITY -  50% TLMOF
CBAA,HRD22,INTERNALLY,NON ACADEMIC, VARSITY -  50% TLMOF
CBAA,MKA23,INTERNALLY,NON ACADEMIC, VARSITY -  50% TLMOF
CBAA,ENR22,INTERNALLY,ACADEMIC,ACADEMIC SCHOLARSHIP - 25% TUITION FEE DISCOUNT
CBAA,BOM13,INTERNALLY,ACADEMIC,ACADEMIC SCHOLARSHIP - 50% TUITION FEE DISCOUNT
CBAA,BOM25,INTERNALLY,ACADEMIC,ACADEMIC SCHOLARSHIP - 50% TUITION FEE DISCOUNT
CBAA,BOM25,INTERNALLY,ACADEMIC,ACADEMIC SCHOLARSHIP- 75% TUITION FEE DISCOUNT
CBAA,BSA22,EXTERNALLY,ACADEMIC,CHED CSP-PESFA (TUITION 7500)
CBAA,BSA23,EXTERNALLY,ACADEMIC,CHED- TULONG DUNONG
CBAA,MKA23,EXTERNALLY,ACADEMIC,CHED- TULONG DUNONG
CBAA,BOM12,EXTERNALLY,ACADEMIC,CHED-TDP (TUITION 7500)
CBAA,BSA23,EXTERNALLY,ACADEMIC,CHED-TDP (TUITION 7500)
CBAA,MKA23,EXTERNALLY,ACADEMIC,CHED-TDP (TUITION 7500)
CBAA,BOM21,EXTERNALLY,ACADEMIC,"CHED-TES (ALLOWANCE - 20,000)"
CBAA,BSA21,EXTERNALLY,ACADEMIC,"CHED-TES (ALLOWANCE - 20,000)"
CBAA,BSA52,EXTERNALLY,ACADEMIC,"CHED-TES (ALLOWANCE - 20,000)"
CBAA,ENR41,EXTERNALLY,ACADEMIC,"CHED-TES (ALLOWANCE - 20,000)"
CBAA,EVE11,EXTERNALLY,ACADEMIC,"CHED-TES (ALLOWANCE - 20,000)"
CBAA,EVE11,EXTERNALLY,ACADEMIC,"CHED-TES (ALLOWANCE - 20,000)"
CBAA,HRD22,EXTERNALLY,ACADEMIC,"CHED-TES (ALLOWANCE - 20,000)"
CBAA,MEC11,EXTERNALLY,ACADEMIC,"CHED-TES (ALLOWANCE - 20,000)"
CBAA,MEC11,EXTERNALLY,ACADEMIC,"CHED-TES (ALLOWANCE - 20,000)"
CBAA,MEC11,EXTERNALLY,ACADEMIC,"CHED-TES (ALLOWANCE - 20,000)"
CBAA,MEC11,EXTERNALLY,ACADEMIC,"CHED-TES (ALLOWANCE - 20,000)"
CBAA,NYT11,EXTERNALLY,ACADEMIC,"CHED-TES (ALLOWANCE - 20,000)"
CBAA,NYT11,EXTERNALLY,ACADEMIC,"CHED-TES (ALLOWANCE - 20,000)"
CBAA,NYT11,EXTERNALLY,ACADEMIC,"CHED-TES (ALLOWANCE - 20,000)"
CBAA,NYT11,EXTERNALLY,ACADEMIC,"CHED-TES (ALLOWANCE - 20,000)"
CBAA,NYT11,EXTERNALLY,ACADEMIC,"CHED-TES (ALLOWANCE - 20,000)"
CBAA,NYT11,EXTERNALLY,ACADEMIC,"CHED-TES (ALLOWANCE - 20,000)"
CBAA,NYT11,EXTERNALLY,ACADEMIC,"CHED-TES (ALLOWANCE - 20,000)"
CBAA,NYT11,EXTERNALLY,ACADEMIC,"CHED-TES (ALLOWANCE - 20,000)"
CBAA,OFA21,EXTERNALLY,ACADEMIC,"CHED-TES (ALLOWANCE - 20,000)"
CBAA,BOM21,EXTERNALLY,ACADEMIC,"CHED-TES (TUITION - 10,000)"
CBAA,BOM41,EXTERNALLY,ACADEMIC,"CHED-TES (TUITION - 10,000)"
CBAA,BSA12,EXTERNALLY,ACADEMIC,"CHED-TES (TUITION - 10,000)"
CBAA,BSA21,EXTERNALLY,ACADEMIC,"CHED-TES (TUITION - 10,000)"
CBAA,BSA52,EXTERNALLY,ACADEMIC,"CHED-TES (TUITION - 10,000)"
CBAA,ENR41,EXTERNALLY,ACADEMIC,"CHED-TES (TUITION - 10,000)"
CBAA,EVE11,EXTERNALLY,ACADEMIC,"CHED-TES (TUITION - 10,000)"
CBAA,EVE11,EXTERNALLY,ACADEMIC,"CHED-TES (TUITION - 10,000)"
CBAA,HRD22,EXTERNALLY,ACADEMIC,"CHED-TES (TUITION - 10,000)"
CBAA,MEC11,EXTERNALLY,ACADEMIC,"CHED-TES (TUITION - 10,000)"
CBAA,MEC11,EXTERNALLY,ACADEMIC,"CHED-TES (TUITION - 10,000)"
CBAA,MEC11,EXTERNALLY,ACADEMIC,"CHED-TES (TUITION - 10,000)"
CBAA,MEC11,EXTERNALLY,ACADEMIC,"CHED-TES (TUITION - 10,000)"
CBAA,NYT11,EXTERNALLY,ACADEMIC,"CHED-TES (TUITION - 10,000)"
CBAA,NYT11,EXTERNALLY,ACADEMIC,"CHED-TES (TUITION - 10,000)"
CBAA,NYT11,EXTERNALLY,ACADEMIC,"CHED-TES (TUITION - 10,000)"
CBAA,NYT11,EXTERNALLY,ACADEMIC,"CHED-TES (TUITION - 10,000)"
CBAA,NYT11,EXTERNALLY,ACADEMIC,"CHED-TES (TUITION - 10,000)"
CBAA,NYT11,EXTERNALLY,ACADEMIC,"CHED-TES (TUITION - 10,000)"
CBAA,NYT11,EXTERNALLY,ACADEMIC,"CHED-TES (TUITION - 10,000)"
CBAA,NYT11,EXTERNALLY,ACADEMIC,"CHED-TES (TUITION - 10,000)"
CBAA,OFA21,EXTERNALLY,ACADEMIC,"CHED-TES (TUITION - 10,000)"
CBAA,BSA12,EXTERNALLY,ACADEMIC,CITY OF BACOOR SCHOLARSHIP- BACOOR BUDGET 50% TLMOF
CBAA,BSA13,EXTERNALLY,ACADEMIC,CITY OF BACOOR SCHOLARSHIP- BACOOR BUDGET 50% TLMOF
CBAA,HRD21,EXTERNALLY,ACADEMIC,CITY OF BACOOR SCHOLARSHIP- BACOOR BUDGET 50% TLMOF
CBAA,BSA12,INTERNALLY,ACADEMIC,CITY OF BACOOR SCHOLARSHIP- CAS BUDGET 50% TLMOF
CBAA,BSA13,INTERNALLY,ACADEMIC,CITY OF BACOOR SCHOLARSHIP- CAS BUDGET 50% TLMOF
CBAA,HRD21,INTERNALLY,ACADEMIC,CITY OF BACOOR SCHOLARSHIP- CAS BUDGET 50% TLMOF
CBAA,BOM14,INTERNALLY,ACADEMIC,CITY OF DASMARINAS SCHOLARSHIP- 100% TLMOF
CBAA,BSA21,INTERNALLY,ACADEMIC,CITY OF DASMARINAS SCHOLARSHIP- 100% TLMOF
CBAA,BSA51,INTERNALLY,ACADEMIC,CITY OF DASMARINAS SCHOLARSHIP- 100% TLMOF
CBAA,BSA51,INTERNALLY,ACADEMIC,CITY OF DASMARINAS SCHOLARSHIP- 100% TLMOF
CBAA,BSA51,INTERNALLY,ACADEMIC,CITY OF DASMARINAS SCHOLARSHIP- 100% TLMOF
CBAA,ENR11,INTERNALLY,ACADEMIC,CITY OF DASMARINAS SCHOLARSHIP- 100% TLMOF
CBAA,ENR21,INTERNALLY,ACADEMIC,CITY OF DASMARINAS SCHOLARSHIP- 100% TLMOF
CBAA,MKA22,INTERNALLY,ACADEMIC,CITY OF DASMARINAS SCHOLARSHIP- 100% TLMOF
CBAA,MKA41,INTERNALLY,ACADEMIC,CITY OF DASMARINAS SCHOLARSHIP- 100% TLMOF
CBAA,HRD21,INTERNALLY,ACADEMIC,CITY OF IMUS SCHOLARSHIP- CAS BUDGET 50% TLMOF
CBAA,HRD21,EXTERNALLY,ACADEMIC,CITY OF IMUS SCHOLARSHIP- IMUS BUDGET 50% TLMOF
CBAA,OFA11,EXTERNALLY,ACADEMIC,CITY OF IMUS SCHOLARSHIP- IMUS BUDGET 50% TLMOF
CBAA,BSA11,EXTERNALLY,NON ACADEMIC,DLSHSI- ENHANCED BR. PRESIDENT SCHOLARSHIP PROGRAM - 75% TUITION FEE
CBAA,MKA12,EXTERNALLY,NON ACADEMIC,DLSHSI- ENHANCED BR. PRESIDENT SCHOLARSHIP PROGRAM - 75% TUITION FEE
CBAA,OFA21,EXTERNALLY,NON ACADEMIC,DLSHSI- ENHANCED BR. PRESIDENT SCHOLARSHIP PROGRAM - 75% TUITION FEE
CBAA,BOM22,EXTERNALLY,NON ACADEMIC,DLSHSI- ENHANCED BR. PRESIDENT SCHOLARSHIP PROGRAM- 100% TUITION FEE
CBAA,BSA11,EXTERNALLY,NON ACADEMIC,DLSHSI- ENHANCED BR. PRESIDENT SCHOLARSHIP PROGRAM- 100% TUITION FEE
CBAA,ENR12,EXTERNALLY,NON ACADEMIC,DLSHSI- ENHANCED BR. PRESIDENT SCHOLARSHIP PROGRAM- 100% TUITION FEE
CBAA,OFA21,EXTERNALLY,NON ACADEMIC,DLSHSI- ENHANCED BR. PRESIDENT SCHOLARSHIP PROGRAM- 100% TUITION FEE
CBAA,BOM11,SPECIAL PROGRAM,NON ACADEMIC,DOLE SPES
CBAA,BOM25,SPECIAL PROGRAM,NON ACADEMIC,DOLE SPES
CBAA,BOM25,SPECIAL PROGRAM,NON ACADEMIC,DOLE SPES
CBAA,BSA11,SPECIAL PROGRAM,NON ACADEMIC,DOLE SPES
CBAA,BSA12,SPECIAL PROGRAM,NON ACADEMIC,DOLE SPES
CBAA,BSA13,SPECIAL PROGRAM,NON ACADEMIC,DOLE SPES
CBAA,BSA13,SPECIAL PROGRAM,NON ACADEMIC,DOLE SPES
CBAA,BSA13,SPECIAL PROGRAM,NON ACADEMIC,DOLE SPES
CBAA,BSA14,SPECIAL PROGRAM,NON ACADEMIC,DOLE SPES
CBAA,BSA14,SPECIAL PROGRAM,NON ACADEMIC,DOLE SPES
CBAA,BSA14,SPECIAL PROGRAM,NON ACADEMIC,DOLE SPES
CBAA,BSA22,SPECIAL PROGRAM,NON ACADEMIC,DOLE SPES
CBAA,BSA52,SPECIAL PROGRAM,NON ACADEMIC,DOLE SPES
CBAA,BSM22,SPECIAL PROGRAM,NON ACADEMIC,DOLE SPES
CBAA,BSM22,SPECIAL PROGRAM,NON ACADEMIC,DOLE SPES
CBAA,BSM22,SPECIAL PROGRAM,NON ACADEMIC,DOLE SPES
CBAA,ECO41,SPECIAL PROGRAM,NON ACADEMIC,DOLE SPES
CBAA,ENR22,SPECIAL PROGRAM,NON ACADEMIC,DOLE SPES
CBAA,EVE11,SPECIAL PROGRAM,NON ACADEMIC,DOLE SPES
CBAA,HRD11,SPECIAL PROGRAM,NON ACADEMIC,DOLE SPES
CBAA,HRD11,SPECIAL PROGRAM,NON ACADEMIC,DOLE SPES
CBAA,HRD11,SPECIAL PROGRAM,NON ACADEMIC,DOLE SPES
CBAA,HRD11,SPECIAL PROGRAM,NON ACADEMIC,DOLE SPES
CBAA,HRD21,SPECIAL PROGRAM,NON ACADEMIC,DOLE SPES
CBAA,HRD21,SPECIAL PROGRAM,NON ACADEMIC,DOLE SPES
CBAA,HRD21,SPECIAL PROGRAM,NON ACADEMIC,DOLE SPES
CBAA,HRD21,SPECIAL PROGRAM,NON ACADEMIC,DOLE SPES
CBAA,HRD21,SPECIAL PROGRAM,NON ACADEMIC,DOLE SPES
CBAA,HRD21,SPECIAL PROGRAM,NON ACADEMIC,DOLE SPES
CBAA,HRD21,SPECIAL PROGRAM,NON ACADEMIC,DOLE SPES
CBAA,HRD21,SPECIAL PROGRAM,NON ACADEMIC,DOLE SPES
CBAA,HRD21,SPECIAL PROGRAM,NON ACADEMIC,DOLE SPES
CBAA,HRD22,SPECIAL PROGRAM,NON ACADEMIC,DOLE SPES
CBAA,HRD22,SPECIAL PROGRAM,NON ACADEMIC,DOLE SPES
CBAA,MEC11,SPECIAL PROGRAM,NON ACADEMIC,DOLE SPES
CBAA,MEC11,SPECIAL PROGRAM,NON ACADEMIC,DOLE SPES
CBAA,MEC11,SPECIAL PROGRAM,NON ACADEMIC,DOLE SPES
CBAA,MKA22,SPECIAL PROGRAM,NON ACADEMIC,DOLE SPES
CBAA,MKA23,SPECIAL PROGRAM,NON ACADEMIC,DOLE SPES
CBAA,MKA23,SPECIAL PROGRAM,NON ACADEMIC,DOLE SPES
CBAA,NYT11,SPECIAL PROGRAM,NON ACADEMIC,DOLE SPES
CBAA,OFA21,SPECIAL PROGRAM,NON ACADEMIC,DOLE SPES
CBAA,OFA21,SPECIAL PROGRAM,NON ACADEMIC,DOLE SPES
CBAA,BOM14,INTERNALLY,NON ACADEMIC,ENHANCED BR. PRESIDENT SCHOLARSHIP  PROGRAM - 100% TUITION FEE DISCOUNT
CBAA,BOM21,INTERNALLY,NON ACADEMIC,ENHANCED BR. PRESIDENT SCHOLARSHIP  PROGRAM - 100% TUITION FEE DISCOUNT
CBAA,BOM21,INTERNALLY,NON ACADEMIC,ENHANCED BR. PRESIDENT SCHOLARSHIP  PROGRAM - 100% TUITION FEE DISCOUNT
CBAA,BSA13,INTERNALLY,NON ACADEMIC,ENHANCED BR. PRESIDENT SCHOLARSHIP  PROGRAM - 100% TUITION FEE DISCOUNT
CBAA,BSA51,INTERNALLY,NON ACADEMIC,ENHANCED BR. PRESIDENT SCHOLARSHIP  PROGRAM - 100% TUITION FEE DISCOUNT
CBAA,HRD21,INTERNALLY,NON ACADEMIC,ENHANCED BR. PRESIDENT SCHOLARSHIP  PROGRAM - 100% TUITION FEE DISCOUNT
CBAA,MKA23,INTERNALLY,NON ACADEMIC,ENHANCED BR. PRESIDENT SCHOLARSHIP  PROGRAM - 100% TUITION FEE DISCOUNT
CBAA,BOM14,INTERNALLY,NON ACADEMIC,ENHANCED BR. PRESIDENT SCHOLARSHIP PROGRAM- 75% TUITION FEE DISCOUNT
CBAA,BOM25,INTERNALLY,NON ACADEMIC,ENHANCED BR. PRESIDENT SCHOLARSHIP PROGRAM- 75% TUITION FEE DISCOUNT
CBAA,MKA23,INTERNALLY,NON ACADEMIC,ENHANCED BR. PRESIDENT SCHOLARSHIP PROGRAM- 75% TUITION FEE DISCOUNT
CBAA,ENR21,INTERNALLY,NON ACADEMIC,ENHANCED BROTHER SCHOLARSHIP PROGRAM- DLS SANTIAGO ZOBEL- 50% TUITION FEE DISCOUNT
CBAA,BSA22,INTERNALLY,NON ACADEMIC,FINANCIAL AID FOR STUDENT TRAINEES
CBAA,BSM22,INTERNALLY,NON ACADEMIC,FINANCIAL AID FOR STUDENT TRAINEES
CBAA,BSA13,EXTERNALLY,NON ACADEMIC,LCCK-PUREGOLD
CBAA,BSA51,INTERNALLY,ACADEMIC,MARDUNONG
CBAA,BOM24,INTERNALLY,ACADEMIC,PD577 - PRESIDENTIAL DECREE 577 - 100% TUITION FEE
CBAA,BOM22,EXTERNALLY,NON ACADEMIC,PERFORMING ARTS GROUP - 20003
CBAA,MKA23,EXTERNALLY,NON ACADEMIC,PERFORMING ARTS GROUP - 20005
CBAA,MKA21,EXTERNALLY,NON ACADEMIC,PERFORMING ARTS GROUP - 20006
CBAA,HRD41,EXTERNALLY,NON ACADEMIC,PERFORMING ARTS GROUP - 20007
CBAA,MKA22,EXTERNALLY,NON ACADEMIC,PERFORMING ARTS GROUP - 20028
CBAA,BSM21,EXTERNALLY,NON ACADEMIC,PERFORMING ARTS GROUP - 20033
CBAA,MKA23,EXTERNALLY,NON ACADEMIC,PERFORMING ARTS GROUP - 20034
CBAA,MKA22,EXTERNALLY,NON ACADEMIC,PERFORMING ARTS GROUP - 20035
CBAA,MKA41,EXTERNALLY,NON ACADEMIC,PERFORMING ARTS GROUP - 25000
CBAA,MKA41,EXTERNALLY,NON ACADEMIC,PERFORMING ARTS GROUP - 25002
CBAA,BSA51,EXTERNALLY,NON ACADEMIC,PERFORMING ARTS GROUP - 25003
CBAA,MKA41,EXTERNALLY,NON ACADEMIC,PERFORMING ARTS GROUP - 25013
CBAA,BSA22,EXTERNALLY,NON ACADEMIC,PERFORMING ATS GROUP - 10000
CBAA,BSA11,INTERNALLY,ACADEMIC,SPECIAL AID IN GRANT - C/O BR. GUS
CBAA,BSA21,INTERNALLY,ACADEMIC,STUDENT ASSISTANSHIP - C/O VCMEAA (SSO BUDGET)
CBAA,ECO11,INTERNALLY,ACADEMIC,STUDENT ASSISTANTSHIP - 100% TUTION AND LABORATORY FEE DISCOUNT
CBAA,ECO11,INTERNALLY,ACADEMIC,STUDENT ASSISTANTSHIP - 100% TUTION AND LABORATORY FEE DISCOUNT
CBAA,OFA11,INTERNALLY,ACADEMIC,STUDENT ASSISTANTSHIP - 100% TUTION AND LABORATORY FEE DISCOUNT
CBAA,BOM21,INTERNALLY,ACADEMIC,STUDENT ASSISTANTSHIP- 50% TUITION AND LABORATORY FEE DISCOUNT
CBAA,BSA11,INTERNALLY,ACADEMIC,STUDENT ASSISTANTSHIP- 50% TUITION AND LABORATORY FEE DISCOUNT
CBAA,BSA11,INTERNALLY,ACADEMIC,STUDENT ASSISTANTSHIP- 50% TUITION AND LABORATORY FEE DISCOUNT
CBAA,BSA12,INTERNALLY,ACADEMIC,STUDENT ASSISTANTSHIP- 50% TUITION AND LABORATORY FEE DISCOUNT
CBAA,BSA12,INTERNALLY,ACADEMIC,STUDENT ASSISTANTSHIP- 50% TUITION AND LABORATORY FEE DISCOUNT
CBAA,BSA13,INTERNALLY,ACADEMIC,STUDENT ASSISTANTSHIP- 50% TUITION AND LABORATORY FEE DISCOUNT
CBAA,BSA13,INTERNALLY,ACADEMIC,STUDENT ASSISTANTSHIP- 50% TUITION AND LABORATORY FEE DISCOUNT
CBAA,BSA14,INTERNALLY,ACADEMIC,STUDENT ASSISTANTSHIP- 50% TUITION AND LABORATORY FEE DISCOUNT
CBAA,BSA14,INTERNALLY,ACADEMIC,STUDENT ASSISTANTSHIP- 50% TUITION AND LABORATORY FEE DISCOUNT
CBAA,BSA14,INTERNALLY,ACADEMIC,STUDENT ASSISTANTSHIP- 50% TUITION AND LABORATORY FEE DISCOUNT
CBAA,BSA14,INTERNALLY,ACADEMIC,STUDENT ASSISTANTSHIP- 50% TUITION AND LABORATORY FEE DISCOUNT
CBAA,BSA14,INTERNALLY,ACADEMIC,STUDENT ASSISTANTSHIP- 50% TUITION AND LABORATORY FEE DISCOUNT
CBAA,BSA21,INTERNALLY,ACADEMIC,STUDENT ASSISTANTSHIP- 50% TUITION AND LABORATORY FEE DISCOUNT
CBAA,ECO11,INTERNALLY,ACADEMIC,STUDENT ASSISTANTSHIP- 50% TUITION AND LABORATORY FEE DISCOUNT
CBAA,ENR11,INTERNALLY,ACADEMIC,STUDENT ASSISTANTSHIP- 50% TUITION AND LABORATORY FEE DISCOUNT
CBAA,ENR22,INTERNALLY,ACADEMIC,STUDENT ASSISTANTSHIP- 50% TUITION AND LABORATORY FEE DISCOUNT
CBAA,HRD11,INTERNALLY,ACADEMIC,STUDENT ASSISTANTSHIP- 50% TUITION AND LABORATORY FEE DISCOUNT
CBAA,HRD11,INTERNALLY,ACADEMIC,STUDENT ASSISTANTSHIP- 50% TUITION AND LABORATORY FEE DISCOUNT
CBAA,HRD11,INTERNALLY,ACADEMIC,STUDENT ASSISTANTSHIP- 50% TUITION AND LABORATORY FEE DISCOUNT
CBAA,HRD21,INTERNALLY,ACADEMIC,STUDENT ASSISTANTSHIP- 50% TUITION AND LABORATORY FEE DISCOUNT
CBAA,HRD21,INTERNALLY,ACADEMIC,STUDENT ASSISTANTSHIP- 50% TUITION AND LABORATORY FEE DISCOUNT
CBAA,HRD21,INTERNALLY,ACADEMIC,STUDENT ASSISTANTSHIP- 50% TUITION AND LABORATORY FEE DISCOUNT
CBAA,HRD21,INTERNALLY,ACADEMIC,STUDENT ASSISTANTSHIP- 50% TUITION AND LABORATORY FEE DISCOUNT
CBAA,HRD21,INTERNALLY,ACADEMIC,STUDENT ASSISTANTSHIP- 50% TUITION AND LABORATORY FEE DISCOUNT
CBAA,HRD21,INTERNALLY,ACADEMIC,STUDENT ASSISTANTSHIP- 50% TUITION AND LABORATORY FEE DISCOUNT
CBAA,HRD22,INTERNALLY,ACADEMIC,STUDENT ASSISTANTSHIP- 50% TUITION AND LABORATORY FEE DISCOUNT
CBAA,MKA22,INTERNALLY,ACADEMIC,STUDENT ASSISTANTSHIP- 50% TUITION AND LABORATORY FEE DISCOUNT
CBAA,OFA21,INTERNALLY,ACADEMIC,STUDENT ASSISTANTSHIP- 50% TUITION AND LABORATORY FEE DISCOUNT
CBAA,OFA21,INTERNALLY,ACADEMIC,STUDENT ASSISTANTSHIP- 50% TUITION AND LABORATORY FEE DISCOUNT
CBAA,OFA21,INTERNALLY,ACADEMIC,STUDENT ASSISTANTSHIP- 50% TUITION AND LABORATORY FEE DISCOUNT
CBAA,OFA21,EXTERNALLY,ACADEMIC,USAHA TEGA FOUNDATION INC. (UTFI)
CBAA,BOM11,INTERNALLY,NON ACADEMIC,VARSITY - 25% TLMOF
CBAA,BOM13,INTERNALLY,NON ACADEMIC,VARSITY - 25% TLMOF
CBAA,BOM25,INTERNALLY,NON ACADEMIC,VARSITY - 25% TLMOF
CBAA,BSM11,INTERNALLY,NON ACADEMIC,VARSITY - 25% TLMOF
CBAA,MKA21,INTERNALLY,NON ACADEMIC,VARSITY - 75% TLF
CBAA,MKA23,INTERNALLY,NON ACADEMIC,VARSITY - 75% TLMOF
CBAA,BOM12,INTERNALLY,NON ACADEMIC,VARSITY- 100% TLF
CBAA,BSA12,INTERNALLY,NON ACADEMIC,VARSITY- 100% TLF
CBAA,ENR22,INTERNALLY,NON ACADEMIC,VARSITY- 100% TLF
CBAA,MKA12,INTERNALLY,NON ACADEMIC,VARSITY- 100% TLF
CBAA,BOM22,INTERNALLY,NON ACADEMIC,VARSITY- 100% TLMOF
CBAA,BOM41,INTERNALLY,NON ACADEMIC,VARSITY- 100% TLMOF
CBAA,BOM41,INTERNALLY,NON ACADEMIC,VARSITY- 100% TLMOF
CBAA,BSA11,INTERNALLY,NON ACADEMIC,VARSITY- 100% TLMOF
CBAA,BSA13,INTERNALLY,NON ACADEMIC,VARSITY- 100% TLMOF
CBAA,ENR21,INTERNALLY,NON ACADEMIC,VARSITY- 100% TLMOF
CBAA,ENR22,INTERNALLY,NON ACADEMIC,VARSITY- 100% TLMOF
CBAA,ENR41,INTERNALLY,NON ACADEMIC,VARSITY- 100% TLMOF
CBAA,MKA23,INTERNALLY,NON ACADEMIC,VARSITY- 100% TLMOF
CBAA,BOM13,INTERNALLY,NON ACADEMIC,VARSITY- 50% TLF
CBAA,BOM24,INTERNALLY,NON ACADEMIC,VARSITY- 50% TLF
CBAA,HRD11,INTERNALLY,NON ACADEMIC,VARSITY- 50% TLF
CBAA,BOM14,INTERNALLY,NON ACADEMIC,VARSITY-25% TLF
CBAA,BOM23,INTERNALLY,NON ACADEMIC,VARSITY-25% TLF
CBAA,ENR12,INTERNALLY,NON ACADEMIC,VARSITY-25% TLF
CBAA,ENR21,INTERNALLY,NON ACADEMIC,VARSITY-25% TLF
CBAA,BSM11,INTERNALLY,ACADEMIC,VICISSITUDE - 25%TF
CBAA,BOM21,INTERNALLY,ACADEMIC,VICISSITUDE - 75%TF
CBAA,BSM21,INTERNALLY,ACADEMIC,VICISSITUDE - 75%TF
CCJE,CRI21,EXTERNALLY,ACADEMIC,CHED- TULONG DUNONG
CCJE,CRI21,EXTERNALLY,ACADEMIC,CHED-TDP (TUITION 7500)
CCJE,CRI21,EXTERNALLY,ACADEMIC,"CHED-TES (ALLOWANCE - 20,000)"
CCJE,CRI21,EXTERNALLY,ACADEMIC,"CHED-TES (ALLOWANCE - 20,000)"
CCJE,CRI41,EXTERNALLY,ACADEMIC,"CHED-TES (ALLOWANCE - 20,000)"
CCJE,CRI21,EXTERNALLY,ACADEMIC,"CHED-TES (TUITION - 10,000)"
CCJE,CRI21,EXTERNALLY,ACADEMIC,"CHED-TES (TUITION - 10,000)"
CCJE,CRI41,EXTERNALLY,ACADEMIC,"CHED-TES (TUITION - 10,000)"
CCJE,CRI11,INTERNALLY,ACADEMIC,CITY OF DASMARINAS SCHOLARSHIP- 100% TLMOF
CCJE,CRI11,INTERNALLY,ACADEMIC,CITY OF DASMARINAS SCHOLARSHIP- 100% TLMOF
CCJE,CRI12,INTERNALLY,ACADEMIC,CITY OF DASMARINAS SCHOLARSHIP- 100% TLMOF
CCJE,CRI11,INTERNALLY,ACADEMIC,CITY OF IMUS SCHOLARSHIP- CAS BUDGET 50% TLMOF
CCJE,CRI11,EXTERNALLY,ACADEMIC,CITY OF IMUS SCHOLARSHIP- IMUS BUDGET 50% TLMOF
CCJE,CRI11,SPECIAL PROGRAM,NON ACADEMIC,DOLE SPES
CCJE,CRI11,SPECIAL PROGRAM,NON ACADEMIC,DOLE SPES
CCJE,CRI11,SPECIAL PROGRAM,NON ACADEMIC,DOLE SPES
CCJE,CRI11,SPECIAL PROGRAM,NON ACADEMIC,DOLE SPES
CCJE,CRI11,SPECIAL PROGRAM,NON ACADEMIC,DOLE SPES
CCJE,CRI21,SPECIAL PROGRAM,NON ACADEMIC,DOLE SPES
CCJE,CRI21,SPECIAL PROGRAM,NON ACADEMIC,DOLE SPES
CCJE,CRI41,SPECIAL PROGRAM,NON ACADEMIC,DOLE SPES
CCJE,CRI11,INTERNALLY,NON ACADEMIC,ENHANCED BR. PRESIDENT SCHOLARSHIP  PROGRAM - 100% TUITION FEE DISCOUNT
CCJE,CRI21,INTERNALLY,ACADEMIC,MASTER IN CRIMINAL JUSTICE EDUCATION (MCJ)
CCJE,CRI11,INTERNALLY,NON ACADEMIC,NROTC-DLSUD
CCJE,CRI11,INTERNALLY,NON ACADEMIC,NROTC-DLSUD
CCJE,CRI11,INTERNALLY,NON ACADEMIC,NROTC-DLSUD
CCJE,CRI11,INTERNALLY,NON ACADEMIC,NROTC-DLSUD
CCJE,CRI21,INTERNALLY,NON ACADEMIC,NROTC-DLSUD
CCJE,CRI21,INTERNALLY,NON ACADEMIC,NROTC-DLSUD
CCJE,CRI21,INTERNALLY,NON ACADEMIC,NROTC-DLSUD
CCJE,CRI21,INTERNALLY,NON ACADEMIC,NROTC-DLSUD
CCJE,CRI41,EXTERNALLY,NON ACADEMIC,PERFORMING ARTS GROUP - 20011
CCJE,CRI42,EXTERNALLY,NON ACADEMIC,PERFORMING ARTS GROUP - 20031
CCJE,CRI12,INTERNALLY,ACADEMIC,STUDENT ASSISTANTSHIP - 100% TUTION AND LABORATORY FEE DISCOUNT
CCJE,CRI21,INTERNALLY,ACADEMIC,STUDENT ASSISTANTSHIP - 100% TUTION AND LABORATORY FEE DISCOUNT
CCJE,CRI21,INTERNALLY,ACADEMIC,STUDENT ASSISTANTSHIP - 100% TUTION AND LABORATORY FEE DISCOUNT
CCJE,CRI11,INTERNALLY,ACADEMIC,STUDENT ASSISTANTSHIP- 50% TUITION AND LABORATORY FEE DISCOUNT
CCJE,CRI12,INTERNALLY,ACADEMIC,STUDENT ASSISTANTSHIP- 50% TUITION AND LABORATORY FEE DISCOUNT
CCJE,CRI11,INTERNALLY,NON ACADEMIC,VARSITY- 100% TLMOF
CCJE,CRI11,INTERNALLY,NON ACADEMIC,VARSITY- 100% TLMOF
CCJE,CRI11,INTERNALLY,NON ACADEMIC,VARSITY- 100% TLMOF
CCJE,CRI11,INTERNALLY,NON ACADEMIC,VARSITY- 100% TLMOF
CCJE,CRI11,INTERNALLY,NON ACADEMIC,VARSITY- 100% TLMOF
CCJE,CRI11,INTERNALLY,NON ACADEMIC,VARSITY- 100% TLMOF
CCJE,CRI12,INTERNALLY,NON ACADEMIC,VARSITY- 100% TLMOF
CCJE,CRI12,INTERNALLY,NON ACADEMIC,VARSITY- 100% TLMOF
CCJE,CRI12,INTERNALLY,NON ACADEMIC,VARSITY- 100% TLMOF
CCJE,CRI21,INTERNALLY,NON ACADEMIC,VARSITY- 100% TLMOF
CCJE,CRI21,INTERNALLY,NON ACADEMIC,VARSITY- 100% TLMOF
CCJE,CRI21,INTERNALLY,NON ACADEMIC,VARSITY- 100% TLMOF
CCJE,CRI21,INTERNALLY,NON ACADEMIC,VARSITY- 100% TLMOF
CCJE,CRI41,INTERNALLY,NON ACADEMIC,VARSITY- 100% TLMOF
CCJE,CRI41,INTERNALLY,NON ACADEMIC,VARSITY- 100% TLMOF
CCJE,CRI41,INTERNALLY,NON ACADEMIC,VARSITY- 100% TLMOF
CCJE,CRI41,INTERNALLY,NON ACADEMIC,VARSITY- 100% TLMOF
CCJE,CRI42,INTERNALLY,NON ACADEMIC,VARSITY- 100% TLMOF
CCJE,CRI42,INTERNALLY,NON ACADEMIC,VARSITY- 100% TLMOF
CCJE,CRI42,INTERNALLY,NON ACADEMIC,VARSITY- 100% TLMOF
CCJE,CRI42,INTERNALLY,NON ACADEMIC,VARSITY- 50% TLF
CCJEGS,MCJ21,INTERNALLY,ACADEMIC,COLLEGE OF CRIMINAL JUSTICE EDUCATION (CCJE) GRADUATE STUDIES
CCJEGS,MCJ21,INTERNALLY,ACADEMIC,COLLEGE OF CRIMINAL JUSTICE EDUCATION (CCJE) GRADUATE STUDIES
CCJEGS,MCJ11,INTERNALLY,ACADEMIC,MASTER IN CRIMINAL JUSTICE (MCJ) - TRI BUREAU & LAW ENFORCEMENT UNITS
CCJEGS,MCJ11,INTERNALLY,ACADEMIC,MASTER IN CRIMINAL JUSTICE (MCJ) - TRI BUREAU & LAW ENFORCEMENT UNITS
CCJEGS,MCJ11,INTERNALLY,ACADEMIC,MASTER IN CRIMINAL JUSTICE (MCJ) - TRI BUREAU & LAW ENFORCEMENT UNITS
CCJEGS,MCJ11,INTERNALLY,ACADEMIC,MASTER IN CRIMINAL JUSTICE (MCJ) - TRI BUREAU & LAW ENFORCEMENT UNITS
CCJEGS,MCJ21,INTERNALLY,ACADEMIC,MASTER IN CRIMINAL JUSTICE (MCJ) - TRI BUREAU & LAW ENFORCEMENT UNITS
CCJEGS,MCJ21,INTERNALLY,ACADEMIC,MASTER IN CRIMINAL JUSTICE (MCJ) - TRI BUREAU & LAW ENFORCEMENT UNITS
CCJEGS,MCJ21,INTERNALLY,ACADEMIC,MASTER IN CRIMINAL JUSTICE (MCJ) - TRI BUREAU & LAW ENFORCEMENT UNITS
CCJEGS,MCJ21,INTERNALLY,ACADEMIC,MASTER IN CRIMINAL JUSTICE (MCJ) - TRI BUREAU & LAW ENFORCEMENT UNITS
CCJEGS,MCJ21,INTERNALLY,ACADEMIC,MASTER IN CRIMINAL JUSTICE (MCJ) - TRI BUREAU & LAW ENFORCEMENT UNITS
CCJEGS,MCJ21,INTERNALLY,ACADEMIC,MASTER IN CRIMINAL JUSTICE (MCJ) - TRI BUREAU & LAW ENFORCEMENT UNITS
CCJEGS,MCJ21,INTERNALLY,ACADEMIC,MASTER IN CRIMINAL JUSTICE (MCJ) - TRI BUREAU & LAW ENFORCEMENT UNITS
CCJEGS,MCJ21,INTERNALLY,ACADEMIC,MASTER IN CRIMINAL JUSTICE (MCJ) - TRI BUREAU & LAW ENFORCEMENT UNITS
CCJEGS,MCJ21,INTERNALLY,ACADEMIC,MASTER IN CRIMINAL JUSTICE (MCJ) - TRI BUREAU & LAW ENFORCEMENT UNITS
CCJEGS,MCJ21,INTERNALLY,ACADEMIC,MASTER IN CRIMINAL JUSTICE (MCJ) - TRI BUREAU & LAW ENFORCEMENT UNITS
CCJEGS,MCJ21,INTERNALLY,ACADEMIC,MASTER IN CRIMINAL JUSTICE (MCJ) - TRI BUREAU & LAW ENFORCEMENT UNITS
CCJEGS,MCJ21,INTERNALLY,ACADEMIC,MASTER IN CRIMINAL JUSTICE (MCJ) - TRI BUREAU & LAW ENFORCEMENT UNITS
CCJEGS,MCJ21,INTERNALLY,ACADEMIC,MASTER IN CRIMINAL JUSTICE (MCJ) - TRI BUREAU & LAW ENFORCEMENT UNITS
CCJEGS,MCJ21,INTERNALLY,ACADEMIC,MASTER IN CRIMINAL JUSTICE (MCJ) - TRI BUREAU & LAW ENFORCEMENT UNITS
CCJEGS,MCJ21,INTERNALLY,ACADEMIC,MASTER IN CRIMINAL JUSTICE (MCJ) - TRI BUREAU & LAW ENFORCEMENT UNITS
CCJEGS,MCJ21,INTERNALLY,ACADEMIC,MASTER IN CRIMINAL JUSTICE (MCJ) - TRI BUREAU & LAW ENFORCEMENT UNITS
CCJEGS,MCJ21,INTERNALLY,ACADEMIC,MASTER IN CRIMINAL JUSTICE (MCJ) - TRI BUREAU & LAW ENFORCEMENT UNITS
CCJEGS,MCJ21,INTERNALLY,ACADEMIC,MASTER IN CRIMINAL JUSTICE (MCJ) - TRI BUREAU & LAW ENFORCEMENT UNITS
CCJEGS,MCJ21,INTERNALLY,ACADEMIC,MASTER IN CRIMINAL JUSTICE (MCJ) - TRI BUREAU & LAW ENFORCEMENT UNITS
CCJEGS,MCJ11,INTERNALLY,ACADEMIC,MASTER IN CRIMINAL JUSTICE EDUCATION (MCJ)
CCJEGS,MCJ21,INTERNALLY,ACADEMIC,MASTER IN CRIMINAL JUSTICE EDUCATION (MCJ)
CCJEGS,MCJ21,INTERNALLY,ACADEMIC,MASTER IN CRIMINAL JUSTICE EDUCATION (MCJ)
CCJEGS,MCJ21,INTERNALLY,ACADEMIC,MASTER IN CRIMINAL JUSTICE EDUCATION (MCJ)
CCJEGS,MCJ21,INTERNALLY,ACADEMIC,MASTER IN CRIMINAL JUSTICE EDUCATION (MCJ)
CCJEGS,MCJ21,INTERNALLY,ACADEMIC,MASTER IN CRIMINAL JUSTICE EDUCATION (MCJ)
CCJEGS,MCJ21,INTERNALLY,ACADEMIC,MASTER IN CRIMINAL JUSTICE EDUCATION (MCJ)
CCJEGS,MCJ21,INTERNALLY,ACADEMIC,MASTER IN CRIMINAL JUSTICE EDUCATION (MCJ)
CCJEGS,MCJ21,INTERNALLY,ACADEMIC,MASTER IN CRIMINAL JUSTICE EDUCATION (MCJ)
CCJEGS,MCJ21,INTERNALLY,ACADEMIC,MASTER IN CRIMINAL JUSTICE EDUCATION (MCJ)
CCJEGS,MCJ21,INTERNALLY,ACADEMIC,MASTER IN CRIMINAL JUSTICE EDUCATION (MCJ)
CCJEGS,MCJ21,INTERNALLY,ACADEMIC,MASTER IN CRIMINAL JUSTICE EDUCATION (MCJ)
CCJEGS,MCJ21,INTERNALLY,ACADEMIC,MASTER IN CRIMINAL JUSTICE EDUCATION (MCJ)
CCJEGS,MCJ21,INTERNALLY,ACADEMIC,MASTER IN CRIMINAL JUSTICE EDUCATION (MCJ)
CCJEGS,MCJ21,INTERNALLY,ACADEMIC,MASTER IN CRIMINAL JUSTICE EDUCATION (MCJ)
CCJEGS,MCJ21,INTERNALLY,ACADEMIC,MASTER IN CRIMINAL JUSTICE EDUCATION (MCJ)
CCJEGS,MCJ21,INTERNALLY,ACADEMIC,MASTER IN CRIMINAL JUSTICE EDUCATION (MCJ)
CCJEGS,MCJ21,INTERNALLY,ACADEMIC,MASTER IN CRIMINAL JUSTICE EDUCATION (MCJ)
CCJEGS,MCJ21,INTERNALLY,ACADEMIC,MASTER IN CRIMINAL JUSTICE EDUCATION (MCJ)
CCJEGS,MCJ21,INTERNALLY,ACADEMIC,MASTER IN CRIMINAL JUSTICE EDUCATION (MCJ)
CCJEGS,MCJ21,INTERNALLY,ACADEMIC,MASTER IN CRIMINAL JUSTICE EDUCATION (MCJ)
CCJEGS,MCJ11,INTERNALLY,NON ACADEMIC,VARSITY- 100% TLMOF
CEAT,IEE11,INTERNALLY,ACADEMIC,STUDENT ASSISTANTSHIP- 50% TUITION AND LABORATORY FEE DISCOUNT
CEAT,EEE21,INTERNALLY,NON ACADEMIC, VARSITY -  50% TLMOF
CEAT,MMA14,INTERNALLY,NON ACADEMIC, VARSITY -  50% TLMOF
CEAT,MMA21,INTERNALLY,ACADEMIC,ACADEMIC SCHOLARSHIP - 50% TUITION FEE DISCOUNT
CEAT,MEE21,INTERNALLY,NON ACADEMIC,BROTHER PRESIDENT SCHOLARSHIP PROGRAM (BPSP) DLSU-MANILA
CEAT,CEE21,EXTERNALLY,ACADEMIC,CHED- TULONG DUNONG
CEAT,CEE22,EXTERNALLY,ACADEMIC,CHED- TULONG DUNONG
CEAT,ECE11,EXTERNALLY,ACADEMIC,CHED-CSP HALF PESFA (TUITION 15000)
CEAT,EEE11,EXTERNALLY,ACADEMIC,CHED-CSP HALF PESFA (TUITION 15000)
CEAT,ESE11,EXTERNALLY,ACADEMIC,CHED-CSP HALF PESFA (TUITION 15000)
CEAT,ESE11,EXTERNALLY,ACADEMIC,CHED-CSP HALF PESFA (TUITION 15000)
CEAT,CEE21,EXTERNALLY,ACADEMIC,CHED-TDP (TUITION 7500)
CEAT,CEE22,EXTERNALLY,ACADEMIC,CHED-TDP (TUITION 7500)
CEAT,ARC53,EXTERNALLY,ACADEMIC,"CHED-TES (ALLOWANCE - 20,000)"
CEAT,CEE21,EXTERNALLY,ACADEMIC,"CHED-TES (ALLOWANCE - 20,000)"
CEAT,CEE21,EXTERNALLY,ACADEMIC,"CHED-TES (ALLOWANCE - 20,000)"
CEAT,ECE53,EXTERNALLY,ACADEMIC,"CHED-TES (ALLOWANCE - 20,000)"
CEAT,IEE41,EXTERNALLY,ACADEMIC,"CHED-TES (ALLOWANCE - 20,000)"
CEAT,MEE21,EXTERNALLY,ACADEMIC,"CHED-TES (ALLOWANCE - 20,000)"
CEAT,ARC53,EXTERNALLY,ACADEMIC,"CHED-TES (TUITION - 10,000)"
CEAT,CEE21,EXTERNALLY,ACADEMIC,"CHED-TES (TUITION - 10,000)"
CEAT,CEE21,EXTERNALLY,ACADEMIC,"CHED-TES (TUITION - 10,000)"
CEAT,ECE53,EXTERNALLY,ACADEMIC,"CHED-TES (TUITION - 10,000)"
CEAT,IEE41,EXTERNALLY,ACADEMIC,"CHED-TES (TUITION - 10,000)"
CEAT,MEE21,EXTERNALLY,ACADEMIC,"CHED-TES (TUITION - 10,000)"
CEAT,CEE22,EXTERNALLY,ACADEMIC,CITY OF BACOOR SCHOLARSHIP- BACOOR BUDGET 50% TLMOF
CEAT,CEE22,INTERNALLY,ACADEMIC,CITY OF BACOOR SCHOLARSHIP- CAS BUDGET 50% TLMOF
CEAT,ARC11,INTERNALLY,ACADEMIC,CITY OF DASMARINAS SCHOLARSHIP- 100% TLMOF
CEAT,ARC51,INTERNALLY,ACADEMIC,CITY OF DASMARINAS SCHOLARSHIP- 100% TLMOF
CEAT,CEE11,INTERNALLY,ACADEMIC,CITY OF DASMARINAS SCHOLARSHIP- 100% TLMOF
CEAT,CEE21,INTERNALLY,ACADEMIC,CITY OF DASMARINAS SCHOLARSHIP- 100% TLMOF
CEAT,CPE52,INTERNALLY,ACADEMIC,CITY OF DASMARINAS SCHOLARSHIP- 100% TLMOF
CEAT,ECE51,INTERNALLY,ACADEMIC,CITY OF DASMARINAS SCHOLARSHIP- 100% TLMOF
CEAT,ECE52,INTERNALLY,ACADEMIC,CITY OF DASMARINAS SCHOLARSHIP- 100% TLMOF
CEAT,ECE53,INTERNALLY,ACADEMIC,CITY OF DASMARINAS SCHOLARSHIP- 100% TLMOF
CEAT,ECE53,INTERNALLY,ACADEMIC,CITY OF IMUS SCHOLARSHIP- CAS BUDGET 50% TLMOF
CEAT,ESE11,INTERNALLY,ACADEMIC,CITY OF IMUS SCHOLARSHIP- CAS BUDGET 50% TLMOF
CEAT,ECE53,EXTERNALLY,ACADEMIC,CITY OF IMUS SCHOLARSHIP- IMUS BUDGET 50% TLMOF
CEAT,ESE11,EXTERNALLY,ACADEMIC,CITY OF IMUS SCHOLARSHIP- IMUS BUDGET 50% TLMOF
CEAT,ARC25,EXTERNALLY,NON ACADEMIC,DE LA SALLE SANTIAGO ZOBEL (BPSP-DLSZ)
CEAT,MMA22,EXTERNALLY,NON ACADEMIC,DE LA SALLE SANTIAGO ZOBEL (BPSP-DLSZ)
CEAT,CEE54,INTERNALLY,ACADEMIC,DLS ALUMNI ASSOCIATION
CEAT,ECE53,EXTERNALLY,NON ACADEMIC,DLSHSI- EMPLOYEES DEPENDENT/GFCSP
CEAT,ARC11,EXTERNALLY,NON ACADEMIC,DLSHSI- ENHANCED BR. PRESIDENT SCHOLARSHIP PROGRAM - 75% TUITION FEE
CEAT,CEE22,EXTERNALLY,NON ACADEMIC,DLSHSI- ENHANCED BR. PRESIDENT SCHOLARSHIP PROGRAM - 75% TUITION FEE
CEAT,CEE23,EXTERNALLY,NON ACADEMIC,DLSHSI- ENHANCED BR. PRESIDENT SCHOLARSHIP PROGRAM - 75% TUITION FEE
CEAT,ECE51,EXTERNALLY,NON ACADEMIC,DLSHSI- ENHANCED BR. PRESIDENT SCHOLARSHIP PROGRAM - 75% TUITION FEE
CEAT,ESE21,EXTERNALLY,NON ACADEMIC,DLSHSI- ENHANCED BR. PRESIDENT SCHOLARSHIP PROGRAM - 75% TUITION FEE
CEAT,MMA22,EXTERNALLY,NON ACADEMIC,DLSHSI- ENHANCED BR. PRESIDENT SCHOLARSHIP PROGRAM - 75% TUITION FEE
CEAT,ARC13,EXTERNALLY,NON ACADEMIC,DLSHSI- ENHANCED BR. PRESIDENT SCHOLARSHIP PROGRAM- 100% TUITION FEE
CEAT,ARC54,EXTERNALLY,NON ACADEMIC,DLSHSI- ENHANCED BR. PRESIDENT SCHOLARSHIP PROGRAM- 100% TUITION FEE
CEAT,CEE23,EXTERNALLY,NON ACADEMIC,DLSHSI- ENHANCED BR. PRESIDENT SCHOLARSHIP PROGRAM- 100% TUITION FEE
CEAT,CEE52,EXTERNALLY,NON ACADEMIC,DLSHSI- ENHANCED BR. PRESIDENT SCHOLARSHIP PROGRAM- 100% TUITION FEE
CEAT,CEE53,EXTERNALLY,NON ACADEMIC,DLSHSI- ENHANCED BR. PRESIDENT SCHOLARSHIP PROGRAM- 100% TUITION FEE
CEAT,ECE11,EXTERNALLY,NON ACADEMIC,DLSHSI- ENHANCED BR. PRESIDENT SCHOLARSHIP PROGRAM- 100% TUITION FEE
CEAT,ECE22,EXTERNALLY,NON ACADEMIC,DLSHSI- ENHANCED BR. PRESIDENT SCHOLARSHIP PROGRAM- 100% TUITION FEE
CEAT,ECE52,EXTERNALLY,NON ACADEMIC,DLSHSI- ENHANCED BR. PRESIDENT SCHOLARSHIP PROGRAM- 100% TUITION FEE
CEAT,EEE21,EXTERNALLY,NON ACADEMIC,DLSHSI- ENHANCED BR. PRESIDENT SCHOLARSHIP PROGRAM- 100% TUITION FEE
CEAT,MMA12,EXTERNALLY,NON ACADEMIC,DLSHSI- ENHANCED BR. PRESIDENT SCHOLARSHIP PROGRAM- 100% TUITION FEE
CEAT,MMA23,EXTERNALLY,NON ACADEMIC,DLSHSI- ENHANCED BR. PRESIDENT SCHOLARSHIP PROGRAM- 100% TUITION FEE
CEAT,CEE12,EXTERNALLY,NON ACADEMIC,DLSHSI-ENHANCED BR. PRESIDENT SCHOLARSHIP PROGRAM  50% TUITION FEE DISCOUNT
CEAT,MEE21,EXTERNALLY,NON ACADEMIC,DLSU-MANILA BR. PRESIDENT SCHOLARSHIP PROGRAM - 100% TF
CEAT,ARC21,SPECIAL PROGRAM,NON ACADEMIC,DOLE SPES
CEAT,ARC21,SPECIAL PROGRAM,NON ACADEMIC,DOLE SPES
CEAT,ARC21,SPECIAL PROGRAM,NON ACADEMIC,DOLE SPES
CEAT,ARC21,SPECIAL PROGRAM,NON ACADEMIC,DOLE SPES
CEAT,ARC21,SPECIAL PROGRAM,NON ACADEMIC,DOLE SPES
CEAT,ARC22,SPECIAL PROGRAM,NON ACADEMIC,DOLE SPES
CEAT,ARC22,SPECIAL PROGRAM,NON ACADEMIC,DOLE SPES
CEAT,ARC24,SPECIAL PROGRAM,NON ACADEMIC,DOLE SPES
CEAT,ARC26,SPECIAL PROGRAM,NON ACADEMIC,DOLE SPES
CEAT,CEE21,SPECIAL PROGRAM,NON ACADEMIC,DOLE SPES
CEAT,CEE21,SPECIAL PROGRAM,NON ACADEMIC,DOLE SPES
CEAT,CEE21,SPECIAL PROGRAM,NON ACADEMIC,DOLE SPES
CEAT,CEE22,SPECIAL PROGRAM,NON ACADEMIC,DOLE SPES
CEAT,CEE22,SPECIAL PROGRAM,NON ACADEMIC,DOLE SPES
CEAT,CEE23,SPECIAL PROGRAM,NON ACADEMIC,DOLE SPES
CEAT,CEE23,SPECIAL PROGRAM,NON ACADEMIC,DOLE SPES
CEAT,CEE51,SPECIAL PROGRAM,NON ACADEMIC,DOLE SPES
CEAT,CEE51,SPECIAL PROGRAM,NON ACADEMIC,DOLE SPES
CEAT,CEE51,SPECIAL PROGRAM,NON ACADEMIC,DOLE SPES
CEAT,CEE51,SPECIAL PROGRAM,NON ACADEMIC,DOLE SPES
CEAT,CEE52,SPECIAL PROGRAM,NON ACADEMIC,DOLE SPES
CEAT,CEE54,SPECIAL PROGRAM,NON ACADEMIC,DOLE SPES
CEAT,ECE12,SPECIAL PROGRAM,NON ACADEMIC,DOLE SPES
CEAT,ECE12,SPECIAL PROGRAM,NON ACADEMIC,DOLE SPES
CEAT,ECE21,SPECIAL PROGRAM,NON ACADEMIC,DOLE SPES
CEAT,ECE21,SPECIAL PROGRAM,NON ACADEMIC,DOLE SPES
CEAT,ECE52,SPECIAL PROGRAM,NON ACADEMIC,DOLE SPES
CEAT,EEE21,SPECIAL PROGRAM,NON ACADEMIC,DOLE SPES
CEAT,IEE11,SPECIAL PROGRAM,NON ACADEMIC,DOLE SPES
CEAT,IEE22,SPECIAL PROGRAM,NON ACADEMIC,DOLE SPES
CEAT,IEE51,SPECIAL PROGRAM,NON ACADEMIC,DOLE SPES
CEAT,MMA21,SPECIAL PROGRAM,NON ACADEMIC,DOLE SPES
CEAT,MMA23,SPECIAL PROGRAM,NON ACADEMIC,DOLE SPES
CEAT,MMN11,SPECIAL PROGRAM,NON ACADEMIC,DOLE SPES
CEAT,ARC13,INTERNALLY,NON ACADEMIC,ENHANCED BR. PRESIDENT SCHOLARSHIP  PROGRAM - 100% TUITION FEE DISCOUNT
CEAT,ARC21,INTERNALLY,NON ACADEMIC,ENHANCED BR. PRESIDENT SCHOLARSHIP  PROGRAM - 100% TUITION FEE DISCOUNT
CEAT,CEE11,INTERNALLY,NON ACADEMIC,ENHANCED BR. PRESIDENT SCHOLARSHIP  PROGRAM - 100% TUITION FEE DISCOUNT
CEAT,CEE22,INTERNALLY,NON ACADEMIC,ENHANCED BR. PRESIDENT SCHOLARSHIP  PROGRAM - 100% TUITION FEE DISCOUNT
CEAT,CEE51,INTERNALLY,NON ACADEMIC,ENHANCED BR. PRESIDENT SCHOLARSHIP  PROGRAM - 100% TUITION FEE DISCOUNT
CEAT,CPE21,INTERNALLY,NON ACADEMIC,ENHANCED BR. PRESIDENT SCHOLARSHIP  PROGRAM - 100% TUITION FEE DISCOUNT
CEAT,CPE51,INTERNALLY,NON ACADEMIC,ENHANCED BR. PRESIDENT SCHOLARSHIP  PROGRAM - 100% TUITION FEE DISCOUNT
CEAT,ECE11,INTERNALLY,NON ACADEMIC,ENHANCED BR. PRESIDENT SCHOLARSHIP  PROGRAM - 100% TUITION FEE DISCOUNT
CEAT,ECE12,INTERNALLY,NON ACADEMIC,ENHANCED BR. PRESIDENT SCHOLARSHIP  PROGRAM - 100% TUITION FEE DISCOUNT
CEAT,ECE51,INTERNALLY,NON ACADEMIC,ENHANCED BR. PRESIDENT SCHOLARSHIP  PROGRAM - 100% TUITION FEE DISCOUNT
CEAT,ESE11,INTERNALLY,NON ACADEMIC,ENHANCED BR. PRESIDENT SCHOLARSHIP  PROGRAM - 100% TUITION FEE DISCOUNT
CEAT,MEE51,INTERNALLY,NON ACADEMIC,ENHANCED BR. PRESIDENT SCHOLARSHIP  PROGRAM - 100% TUITION FEE DISCOUNT
CEAT,MEE51,INTERNALLY,NON ACADEMIC,ENHANCED BR. PRESIDENT SCHOLARSHIP  PROGRAM - 100% TUITION FEE DISCOUNT
CEAT,MMA21,INTERNALLY,NON ACADEMIC,ENHANCED BR. PRESIDENT SCHOLARSHIP  PROGRAM - 100% TUITION FEE DISCOUNT
CEAT,CEE21,INTERNALLY,NON ACADEMIC,ENHANCED BR. PRESIDENT SCHOLARSHIP PROGRAM- 75% TUITION FEE DISCOUNT
CEAT,CEE21,INTERNALLY,NON ACADEMIC,ENHANCED BR. PRESIDENT SCHOLARSHIP PROGRAM- 75% TUITION FEE DISCOUNT
CEAT,CPE21,INTERNALLY,NON ACADEMIC,ENHANCED BR. PRESIDENT SCHOLARSHIP PROGRAM- 75% TUITION FEE DISCOUNT
CEAT,ECE11,INTERNALLY,NON ACADEMIC,ENHANCED BR. PRESIDENT SCHOLARSHIP PROGRAM- 75% TUITION FEE DISCOUNT
CEAT,ECE11,INTERNALLY,NON ACADEMIC,ENHANCED BR. PRESIDENT SCHOLARSHIP PROGRAM- 75% TUITION FEE DISCOUNT
CEAT,MMA23,INTERNALLY,NON ACADEMIC,ENHANCED BR. PRESIDENT SCHOLARSHIP PROGRAM- 75% TUITION FEE DISCOUNT
CEAT,ARC12,INTERNALLY,NON ACADEMIC,ENHANCED BR. SCHOLARSHIP PROGRAM - 50% TUITION FEE DISCOUNT
CEAT,ARC22,INTERNALLY,NON ACADEMIC,ENHANCED BR. SCHOLARSHIP PROGRAM - 50% TUITION FEE DISCOUNT
CEAT,ARC54,INTERNALLY,NON ACADEMIC,ENHANCED BR. SCHOLARSHIP PROGRAM - 50% TUITION FEE DISCOUNT
CEAT,CEE41,INTERNALLY,NON ACADEMIC,ENHANCED BR. SCHOLARSHIP PROGRAM - 50% TUITION FEE DISCOUNT
CEAT,ECE11,INTERNALLY,NON ACADEMIC,ENHANCED BR. SCHOLARSHIP PROGRAM - 50% TUITION FEE DISCOUNT
CEAT,ECE21,INTERNALLY,NON ACADEMIC,ENHANCED BR. SCHOLARSHIP PROGRAM - 50% TUITION FEE DISCOUNT
CEAT,ECE21,INTERNALLY,NON ACADEMIC,ENHANCED BR. SCHOLARSHIP PROGRAM - 50% TUITION FEE DISCOUNT
CEAT,MEE12,INTERNALLY,NON ACADEMIC,ENHANCED BR. SCHOLARSHIP PROGRAM - 50% TUITION FEE DISCOUNT
CEAT,MMA11,INTERNALLY,NON ACADEMIC,ENHANCED BR. SCHOLARSHIP PROGRAM - 50% TUITION FEE DISCOUNT
CEAT,CPE22,INTERNALLY,ACADEMIC,MARDUNONG
CEAT,CEE21,INTERNALLY,NON ACADEMIC,NROTC-DLSUD
CEAT,CEE23,INTERNALLY,NON ACADEMIC,NROTC-DLSUD
CEAT,CEE51,EXTERNALLY,NON ACADEMIC,PERFORMING ARTS GROUP - 15000
CEAT,CPE52,EXTERNALLY,NON ACADEMIC,PERFORMING ARTS GROUP - 20001
CEAT,CPE52,EXTERNALLY,NON ACADEMIC,PERFORMING ARTS GROUP - 20008
CEAT,MMA21,EXTERNALLY,NON ACADEMIC,PERFORMING ARTS GROUP - 20009
CEAT,CEE54,EXTERNALLY,NON ACADEMIC,PERFORMING ARTS GROUP - 20010
CEAT,IEE53,EXTERNALLY,NON ACADEMIC,PERFORMING ARTS GROUP - 20016
CEAT,ECE22,EXTERNALLY,NON ACADEMIC,PERFORMING ARTS GROUP - 20019
CEAT,MMA24,EXTERNALLY,NON ACADEMIC,PERFORMING ARTS GROUP - 20021
CEAT,MMA22,EXTERNALLY,NON ACADEMIC,PERFORMING ARTS GROUP - 20023
CEAT,CPE51,EXTERNALLY,NON ACADEMIC,PERFORMING ARTS GROUP - 20024
CEAT,BGM41,EXTERNALLY,NON ACADEMIC,PERFORMING ARTS GROUP - 20025
CEAT,ESE51,EXTERNALLY,NON ACADEMIC,PERFORMING ARTS GROUP - 20026
CEAT,ARC24,EXTERNALLY,NON ACADEMIC,PERFORMING ARTS GROUP - 20032
CEAT,IEE51,EXTERNALLY,NON ACADEMIC,PERFORMING ARTS GROUP - 25005
CEAT,MMA12,EXTERNALLY,NON ACADEMIC,PERFORMING ARTS GROUP - 25015
CEAT,ESE41,EXTERNALLY,NON ACADEMIC,PERFORMING ATS GROUP - 10000
CEAT,ECE53,INTERNALLY,ACADEMIC,POLCA SCHOLARSHIP TRUST FUND - 50% TF
CEAT,MMA21,INTERNALLY,ACADEMIC,POLCA SCHOLARSHIP TRUST FUND - 50% TF
CEAT,CEE22,EXTERNALLY,ACADEMIC,"SM FOUNDATION - 100% TUITION, LABORATORY, MISC AND OTHER FEES"
CEAT,ARC22,INTERNALLY,ACADEMIC,STUDENT ASSISTANTSHIP - 100% TUITION C/0 VCMEAA (SSO BUDGET)
CEAT,ARC15,INTERNALLY,ACADEMIC,STUDENT ASSISTANTSHIP- 50% TUITION AND LABORATORY FEE DISCOUNT
CEAT,CEE12,INTERNALLY,ACADEMIC,STUDENT ASSISTANTSHIP- 50% TUITION AND LABORATORY FEE DISCOUNT
CEAT,CEE12,INTERNALLY,ACADEMIC,STUDENT ASSISTANTSHIP- 50% TUITION AND LABORATORY FEE DISCOUNT
CEAT,CEE13,INTERNALLY,ACADEMIC,STUDENT ASSISTANTSHIP- 50% TUITION AND LABORATORY FEE DISCOUNT
CEAT,CEE13,INTERNALLY,ACADEMIC,STUDENT ASSISTANTSHIP- 50% TUITION AND LABORATORY FEE DISCOUNT
CEAT,CEE13,INTERNALLY,ACADEMIC,STUDENT ASSISTANTSHIP- 50% TUITION AND LABORATORY FEE DISCOUNT
CEAT,CEE13,INTERNALLY,ACADEMIC,STUDENT ASSISTANTSHIP- 50% TUITION AND LABORATORY FEE DISCOUNT
CEAT,CEE21,INTERNALLY,ACADEMIC,STUDENT ASSISTANTSHIP- 50% TUITION AND LABORATORY FEE DISCOUNT
CEAT,CEE22,INTERNALLY,ACADEMIC,STUDENT ASSISTANTSHIP- 50% TUITION AND LABORATORY FEE DISCOUNT
CEAT,CEE22,INTERNALLY,ACADEMIC,STUDENT ASSISTANTSHIP- 50% TUITION AND LABORATORY FEE DISCOUNT
CEAT,CEE23,INTERNALLY,ACADEMIC,STUDENT ASSISTANTSHIP- 50% TUITION AND LABORATORY FEE DISCOUNT
CEAT,CPE11,INTERNALLY,ACADEMIC,STUDENT ASSISTANTSHIP- 50% TUITION AND LABORATORY FEE DISCOUNT
CEAT,ECE12,INTERNALLY,ACADEMIC,STUDENT ASSISTANTSHIP- 50% TUITION AND LABORATORY FEE DISCOUNT
CEAT,ECE12,INTERNALLY,ACADEMIC,STUDENT ASSISTANTSHIP- 50% TUITION AND LABORATORY FEE DISCOUNT
CEAT,ECE21,INTERNALLY,ACADEMIC,STUDENT ASSISTANTSHIP- 50% TUITION AND LABORATORY FEE DISCOUNT
CEAT,ECE21,INTERNALLY,ACADEMIC,STUDENT ASSISTANTSHIP- 50% TUITION AND LABORATORY FEE DISCOUNT
CEAT,IEE11,INTERNALLY,ACADEMIC,STUDENT ASSISTANTSHIP- 50% TUITION AND LABORATORY FEE DISCOUNT
CEAT,IEE22,INTERNALLY,ACADEMIC,STUDENT ASSISTANTSHIP- 50% TUITION AND LABORATORY FEE DISCOUNT
CEAT,EEE11,INTERNALLY,NON ACADEMIC,VARSITY - 75% TLF
CEAT,IEE11,INTERNALLY,NON ACADEMIC,VARSITY - 75% TLF
CEAT,ARC12,INTERNALLY,NON ACADEMIC,VARSITY - 75% TLMOF
CEAT,ARC23,INTERNALLY,NON ACADEMIC,VARSITY - 75% TLMOF
CEAT,ARC23,INTERNALLY,NON ACADEMIC,VARSITY - 75% TLMOF
CEAT,IEE22,INTERNALLY,NON ACADEMIC,VARSITY - 75% TLMOF
CEAT,CEE12,INTERNALLY,NON ACADEMIC,VARSITY- 100% TLF
CEAT,CEE23,INTERNALLY,NON ACADEMIC,VARSITY- 100% TLF
CEAT,ECE12,INTERNALLY,NON ACADEMIC,VARSITY- 100% TLF
CEAT,EEE21,INTERNALLY,NON ACADEMIC,VARSITY- 100% TLF
CEAT,MEE21,INTERNALLY,NON ACADEMIC,VARSITY- 100% TLF
CEAT,MMA21,INTERNALLY,NON ACADEMIC,VARSITY- 100% TLF
CEAT,EEE21,INTERNALLY,NON ACADEMIC,VARSITY- 100% TLF & 25% MOF
CEAT,CEE13,INTERNALLY,NON ACADEMIC,VARSITY- 100% TLMOF
CEAT,CEE22,INTERNALLY,NON ACADEMIC,VARSITY- 100% TLMOF
CEAT,ECE53,INTERNALLY,NON ACADEMIC,VARSITY- 100% TLMOF
CEAT,EEE11,INTERNALLY,NON ACADEMIC,VARSITY- 100% TLMOF
CEAT,ESE11,INTERNALLY,NON ACADEMIC,VARSITY- 100% TLMOF
CEAT,ESE11,INTERNALLY,NON ACADEMIC,VARSITY- 100% TLMOF
CEAT,IEE11,INTERNALLY,NON ACADEMIC,VARSITY- 100% TLMOF
CEAT,IEE22,INTERNALLY,NON ACADEMIC,VARSITY- 100% TLMOF
CEAT,IEE52,INTERNALLY,NON ACADEMIC,VARSITY- 100% TLMOF
CEAT,IEE52,INTERNALLY,NON ACADEMIC,VARSITY- 100% TLMOF
CEAT,CEE12,INTERNALLY,NON ACADEMIC,VARSITY- 50% TLF
CEAT,CEE21,INTERNALLY,NON ACADEMIC,VARSITY- 50% TLF
CEAT,CEE23,INTERNALLY,NON ACADEMIC,VARSITY- 50% TLF
CEAT,CEE22,INTERNALLY,NON ACADEMIC,VARSITY-25% TLF
CEAT,ECE21,INTERNALLY,NON ACADEMIC,VARSITY-25% TLF
CEAT,IEE52,INTERNALLY,NON ACADEMIC,VARSITY-25% TLF
CLAC,PSY11,INTERNALLY,NON ACADEMIC,1988 DLSU-D LEGAL DEPENDENTS TUITION DISCOUNT
CLAC,COM22,INTERNALLY,ACADEMIC,ACADEMIC SCHOLARSHIP - 100% TUITION FEE DISCOUNT
CLAC,COM22,INTERNALLY,ACADEMIC,ACADEMIC SCHOLARSHIP - 25% TUITION FEE DISCOUNT
CLAC,COM21,INTERNALLY,ACADEMIC,ACADEMIC SCHOLARSHIP - 50% TUITION FEE DISCOUNT
CLAC,COM21,INTERNALLY,ACADEMIC,ACADEMIC SCHOLARSHIP - 50% TUITION FEE DISCOUNT
CLAC,COM22,INTERNALLY,ACADEMIC,ACADEMIC SCHOLARSHIP - 50% TUITION FEE DISCOUNT
CLAC,IDS11,INTERNALLY,ACADEMIC,ACADEMIC SCHOLARSHIP - 50% TUITION FEE DISCOUNT
CLAC,IDS21,INTERNALLY,ACADEMIC,ACADEMIC SCHOLARSHIP - 50% TUITION FEE DISCOUNT
CLAC,JOU11,INTERNALLY,ACADEMIC,ACADEMIC SCHOLARSHIP - 50% TUITION FEE DISCOUNT
CLAC,JOU21,INTERNALLY,ACADEMIC,ACADEMIC SCHOLARSHIP - 50% TUITION FEE DISCOUNT
CLAC,PSY22,INTERNALLY,ACADEMIC,ACADEMIC SCHOLARSHIP - 50% TUITION FEE DISCOUNT
CLAC,PSY22,INTERNALLY,ACADEMIC,"ALUMNI RELATION & PLACEMENT OFFICE ENDOWMENT FUND
(ARPO)"
CLAC,PSC21,EXTERNALLY,ACADEMIC,CHED CSP-PESFA (TUITION 7500)
CLAC,COM21,EXTERNALLY,ACADEMIC,CHED- TULONG DUNONG
CLAC,COM12,EXTERNALLY,ACADEMIC,CHED-CSP FULL PESFA (TUITION 60000)
CLAC,COM21,EXTERNALLY,ACADEMIC,CHED-TDP (TUITION 7500)
CLAC,JOU21,EXTERNALLY,ACADEMIC,CHED-TDP (TUITION 7500)
CLAC,PSC11,EXTERNALLY,ACADEMIC,CHED-TDP (TUITION 7500)
CLAC,CDM11,EXTERNALLY,ACADEMIC,"CHED-TES (ALLOWANCE - 20,000)"
CLAC,PSC21,EXTERNALLY,ACADEMIC,"CHED-TES (ALLOWANCE - 20,000)"
CLAC,CDM11,EXTERNALLY,ACADEMIC,"CHED-TES (TUITION - 10,000)"
CLAC,PSC21,EXTERNALLY,ACADEMIC,"CHED-TES (TUITION - 10,000)"
CLAC,BSY21,EXTERNALLY,ACADEMIC,CITY OF BACOOR SCHOLARSHIP- BACOOR BUDGET 50% TLMOF
CLAC,BSY21,INTERNALLY,ACADEMIC,CITY OF BACOOR SCHOLARSHIP- CAS BUDGET 50% TLMOF
CLAC,BSY21,INTERNALLY,ACADEMIC,CITY OF DASMARINAS SCHOLARSHIP- 100% TLMOF
CLAC,COM22,INTERNALLY,ACADEMIC,CITY OF DASMARINAS SCHOLARSHIP- 100% TLMOF
CLAC,COM22,INTERNALLY,ACADEMIC,CITY OF DASMARINAS SCHOLARSHIP- 100% TLMOF
CLAC,COM22,INTERNALLY,ACADEMIC,CITY OF DASMARINAS SCHOLARSHIP- 100% TLMOF
CLAC,COM41,INTERNALLY,ACADEMIC,CITY OF DASMARINAS SCHOLARSHIP- 100% TLMOF
CLAC,JOU21,INTERNALLY,ACADEMIC,CITY OF DASMARINAS SCHOLARSHIP- 100% TLMOF
CLAC,PSY13,INTERNALLY,ACADEMIC,CITY OF DASMARINAS SCHOLARSHIP- 100% TLMOF
CLAC,BSY41,INTERNALLY,ACADEMIC,CITY OF IMUS SCHOLARSHIP- CAS BUDGET 50% TLMOF
CLAC,BSY41,EXTERNALLY,ACADEMIC,CITY OF IMUS SCHOLARSHIP- IMUS BUDGET 50% TLMOF
CLAC,BSY21,EXTERNALLY,NON ACADEMIC,DE LA SALLE SANTIAGO ZOBEL (BPSP-DLSZ)
CLAC,COM22,EXTERNALLY,NON ACADEMIC,DLSHSI- ENHANCED BR. PRESIDENT SCHOLARSHIP PROGRAM - 75% TUITION FEE
CLAC,PSY12,EXTERNALLY,NON ACADEMIC,DLSHSI- ENHANCED BR. PRESIDENT SCHOLARSHIP PROGRAM - 75% TUITION FEE
CLAC,BSY21,EXTERNALLY,NON ACADEMIC,DLSHSI- ENHANCED BR. PRESIDENT SCHOLARSHIP PROGRAM- 100% TUITION FEE
CLAC,COM21,EXTERNALLY,NON ACADEMIC,DLSHSI- ENHANCED BR. PRESIDENT SCHOLARSHIP PROGRAM- 100% TUITION FEE
CLAC,IDS11,EXTERNALLY,NON ACADEMIC,DLSHSI- ENHANCED BR. PRESIDENT SCHOLARSHIP PROGRAM- 100% TUITION FEE
CLAC,BSY11,SPECIAL PROGRAM,NON ACADEMIC,DOLE SPES
CLAC,BSY11,SPECIAL PROGRAM,NON ACADEMIC,DOLE SPES
CLAC,BSY12,SPECIAL PROGRAM,NON ACADEMIC,DOLE SPES
CLAC,BSY12,SPECIAL PROGRAM,NON ACADEMIC,DOLE SPES
CLAC,CDM11,SPECIAL PROGRAM,NON ACADEMIC,DOLE SPES
CLAC,COM12,SPECIAL PROGRAM,NON ACADEMIC,DOLE SPES
CLAC,COM21,SPECIAL PROGRAM,NON ACADEMIC,DOLE SPES
CLAC,COM21,SPECIAL PROGRAM,NON ACADEMIC,DOLE SPES
CLAC,COM21,SPECIAL PROGRAM,NON ACADEMIC,DOLE SPES
CLAC,COM21,SPECIAL PROGRAM,NON ACADEMIC,DOLE SPES
CLAC,COM21,SPECIAL PROGRAM,NON ACADEMIC,DOLE SPES
CLAC,COM22,SPECIAL PROGRAM,NON ACADEMIC,DOLE SPES
CLAC,COM22,SPECIAL PROGRAM,NON ACADEMIC,DOLE SPES
CLAC,COM22,SPECIAL PROGRAM,NON ACADEMIC,DOLE SPES
CLAC,COM22,SPECIAL PROGRAM,NON ACADEMIC,DOLE SPES
CLAC,COM22,SPECIAL PROGRAM,NON ACADEMIC,DOLE SPES
CLAC,COM22,SPECIAL PROGRAM,NON ACADEMIC,DOLE SPES
CLAC,COM22,SPECIAL PROGRAM,NON ACADEMIC,DOLE SPES
CLAC,COM22,SPECIAL PROGRAM,NON ACADEMIC,DOLE SPES
CLAC,COM22,SPECIAL PROGRAM,NON ACADEMIC,DOLE SPES
CLAC,COM22,SPECIAL PROGRAM,NON ACADEMIC,DOLE SPES
CLAC,DES41,SPECIAL PROGRAM,NON ACADEMIC,DOLE SPES
CLAC,IDS11,SPECIAL PROGRAM,NON ACADEMIC,DOLE SPES
CLAC,IDS11,SPECIAL PROGRAM,NON ACADEMIC,DOLE SPES
CLAC,IDS21,SPECIAL PROGRAM,NON ACADEMIC,DOLE SPES
CLAC,JOU21,SPECIAL PROGRAM,NON ACADEMIC,DOLE SPES
CLAC,PSC12,SPECIAL PROGRAM,NON ACADEMIC,DOLE SPES
CLAC,PSY21,SPECIAL PROGRAM,NON ACADEMIC,DOLE SPES
CLAC,COM11,INTERNALLY,NON ACADEMIC,ENHANCED BR. PRESIDENT SCHOLARSHIP  PROGRAM - 100% TUITION FEE DISCOUNT
CLAC,COM12,INTERNALLY,NON ACADEMIC,ENHANCED BR. PRESIDENT SCHOLARSHIP  PROGRAM - 100% TUITION FEE DISCOUNT
CLAC,PSY12,INTERNALLY,NON ACADEMIC,ENHANCED BR. PRESIDENT SCHOLARSHIP  PROGRAM - 100% TUITION FEE DISCOUNT
CLAC,IDS11,INTERNALLY,NON ACADEMIC,ENHANCED BR. PRESIDENT SCHOLARSHIP PROGRAM- 75% TUITION FEE DISCOUNT
CLAC,PSY21,INTERNALLY,NON ACADEMIC,ENHANCED BR. PRESIDENT SCHOLARSHIP PROGRAM- 75% TUITION FEE DISCOUNT
CLAC,PSY22,EXTERNALLY,NON ACADEMIC,LCCK-PUREGOLD
CLAC,BSY12,INTERNALLY,NON ACADEMIC,NROTC-DLSUD
CLAC,PSY22,EXTERNALLY,NON ACADEMIC,PERFORMING ARTS GROUP - 15002
CLAC,COM21,EXTERNALLY,NON ACADEMIC,PERFORMING ARTS GROUP - 20000
CLAC,COM21,EXTERNALLY,NON ACADEMIC,PERFORMING ARTS GROUP - 20004
CLAC,IDS21,EXTERNALLY,NON ACADEMIC,PERFORMING ARTS GROUP - 20015
CLAC,COM21,EXTERNALLY,NON ACADEMIC,PERFORMING ARTS GROUP - 20017
CLAC,IDS21,EXTERNALLY,NON ACADEMIC,PERFORMING ARTS GROUP - 20018
CLAC,COM22,EXTERNALLY,NON ACADEMIC,PERFORMING ARTS GROUP - 20020
CLAC,PSY21,EXTERNALLY,NON ACADEMIC,PERFORMING ARTS GROUP - 25007
CLAC,IDS21,EXTERNALLY,NON ACADEMIC,PERFORMING ARTS GROUP - 25008
CLAC,COM22,EXTERNALLY,NON ACADEMIC,PERFORMING ARTS GROUP - 25011
CLAC,COM21,EXTERNALLY,NON ACADEMIC,PERFORMING ARTS GROUP - 25014
CLAC,PSC21,INTERNALLY,ACADEMIC,POLCA SCHOLARSHIP ENDOWMENT FUND - 100% TF
CLAC,CDM11,INTERNALLY,ACADEMIC,SPECIAL AID IN GRANT - C/O BR. GUS
CLAC,COM12,INTERNALLY,ACADEMIC,SPECIAL AID IN GRANT - C/O BR. GUS
CLAC,IDS11,INTERNALLY,ACADEMIC,STUDENT ASSISTANSHIP - C/O VCMEAA (SSO BUDGET)
CLAC,CDM11,INTERNALLY,ACADEMIC,STUDENT ASSISTANTSHIP - 100% TUTION AND LABORATORY FEE DISCOUNT
CLAC,IDS11,INTERNALLY,ACADEMIC,STUDENT ASSISTANTSHIP - 100% TUTION AND LABORATORY FEE DISCOUNT
CLAC,IDS11,INTERNALLY,ACADEMIC,STUDENT ASSISTANTSHIP - 100% TUTION AND LABORATORY FEE DISCOUNT
CLAC,IDS21,INTERNALLY,ACADEMIC,STUDENT ASSISTANTSHIP - 100% TUTION AND LABORATORY FEE DISCOUNT
CLAC,BSY11,INTERNALLY,ACADEMIC,STUDENT ASSISTANTSHIP- 50% TUITION AND LABORATORY FEE DISCOUNT
CLAC,BSY11,INTERNALLY,ACADEMIC,STUDENT ASSISTANTSHIP- 50% TUITION AND LABORATORY FEE DISCOUNT
CLAC,BSY11,INTERNALLY,ACADEMIC,STUDENT ASSISTANTSHIP- 50% TUITION AND LABORATORY FEE DISCOUNT
CLAC,BSY12,INTERNALLY,ACADEMIC,STUDENT ASSISTANTSHIP- 50% TUITION AND LABORATORY FEE DISCOUNT
CLAC,BSY12,INTERNALLY,ACADEMIC,STUDENT ASSISTANTSHIP- 50% TUITION AND LABORATORY FEE DISCOUNT
CLAC,BSY12,INTERNALLY,ACADEMIC,STUDENT ASSISTANTSHIP- 50% TUITION AND LABORATORY FEE DISCOUNT
CLAC,BSY12,INTERNALLY,ACADEMIC,STUDENT ASSISTANTSHIP- 50% TUITION AND LABORATORY FEE DISCOUNT
CLAC,CDM11,INTERNALLY,ACADEMIC,STUDENT ASSISTANTSHIP- 50% TUITION AND LABORATORY FEE DISCOUNT
CLAC,COM11,INTERNALLY,ACADEMIC,STUDENT ASSISTANTSHIP- 50% TUITION AND LABORATORY FEE DISCOUNT
CLAC,COM11,INTERNALLY,ACADEMIC,STUDENT ASSISTANTSHIP- 50% TUITION AND LABORATORY FEE DISCOUNT
CLAC,COM12,INTERNALLY,ACADEMIC,STUDENT ASSISTANTSHIP- 50% TUITION AND LABORATORY FEE DISCOUNT
CLAC,COM21,INTERNALLY,ACADEMIC,STUDENT ASSISTANTSHIP- 50% TUITION AND LABORATORY FEE DISCOUNT
CLAC,COM21,INTERNALLY,ACADEMIC,STUDENT ASSISTANTSHIP- 50% TUITION AND LABORATORY FEE DISCOUNT
CLAC,COM21,INTERNALLY,ACADEMIC,STUDENT ASSISTANTSHIP- 50% TUITION AND LABORATORY FEE DISCOUNT
CLAC,COM21,INTERNALLY,ACADEMIC,STUDENT ASSISTANTSHIP- 50% TUITION AND LABORATORY FEE DISCOUNT
CLAC,COM21,INTERNALLY,ACADEMIC,STUDENT ASSISTANTSHIP- 50% TUITION AND LABORATORY FEE DISCOUNT
CLAC,COM21,INTERNALLY,ACADEMIC,STUDENT ASSISTANTSHIP- 50% TUITION AND LABORATORY FEE DISCOUNT
CLAC,COM22,INTERNALLY,ACADEMIC,STUDENT ASSISTANTSHIP- 50% TUITION AND LABORATORY FEE DISCOUNT
CLAC,COM22,INTERNALLY,ACADEMIC,STUDENT ASSISTANTSHIP- 50% TUITION AND LABORATORY FEE DISCOUNT
CLAC,COM22,INTERNALLY,ACADEMIC,STUDENT ASSISTANTSHIP- 50% TUITION AND LABORATORY FEE DISCOUNT
CLAC,COM22,INTERNALLY,ACADEMIC,STUDENT ASSISTANTSHIP- 50% TUITION AND LABORATORY FEE DISCOUNT
CLAC,COM22,INTERNALLY,ACADEMIC,STUDENT ASSISTANTSHIP- 50% TUITION AND LABORATORY FEE DISCOUNT
CLAC,COM22,INTERNALLY,ACADEMIC,STUDENT ASSISTANTSHIP- 50% TUITION AND LABORATORY FEE DISCOUNT
CLAC,COM22,INTERNALLY,ACADEMIC,STUDENT ASSISTANTSHIP- 50% TUITION AND LABORATORY FEE DISCOUNT
CLAC,COM22,INTERNALLY,ACADEMIC,STUDENT ASSISTANTSHIP- 50% TUITION AND LABORATORY FEE DISCOUNT
CLAC,COM22,INTERNALLY,ACADEMIC,STUDENT ASSISTANTSHIP- 50% TUITION AND LABORATORY FEE DISCOUNT
CLAC,COM22,INTERNALLY,ACADEMIC,STUDENT ASSISTANTSHIP- 50% TUITION AND LABORATORY FEE DISCOUNT
CLAC,IDS11,INTERNALLY,ACADEMIC,STUDENT ASSISTANTSHIP- 50% TUITION AND LABORATORY FEE DISCOUNT
CLAC,JOU21,INTERNALLY,ACADEMIC,STUDENT ASSISTANTSHIP- 50% TUITION AND LABORATORY FEE DISCOUNT
CLAC,COM12,INTERNALLY,NON ACADEMIC,VARSITY- 100% TLMOF
CLAC,PSY11,INTERNALLY,NON ACADEMIC,VARSITY- 100% TLMOF
CLAC,PSY23,INTERNALLY,NON ACADEMIC,VARSITY- 100% TLMOF
CLAC,PSY21,INTERNALLY,ACADEMIC,VICISSITUDE - 25%TF
COE,BPE21,INTERNALLY,NON ACADEMIC, VARSITY -  50% TLMOF
COE,SNE21,INTERNALLY,ACADEMIC,ACADEMIC SCHOLARSHIP - 25% TUITION FEE DISCOUNT
COE,BSE11,INTERNALLY,ACADEMIC,ACADEMIC SCHOLARSHIP - 50% TUITION FEE DISCOUNT
COE,EDE21,INTERNALLY,ACADEMIC,ACADEMIC SCHOLARSHIP - 50% TUITION FEE DISCOUNT
COE,SNE21,INTERNALLY,ACADEMIC,ACADEMIC SCHOLARSHIP - 50% TUITION FEE DISCOUNT
COE,BSE11,INTERNALLY,ACADEMIC,ACADEMIC SCHOLARSHIP- 75% TUITION FEE DISCOUNT
COE,BSE11,INTERNALLY,ACADEMIC,ACADEMIC SCHOLARSHIP- 75% TUITION FEE DISCOUNT
COE,BEC11,EXTERNALLY,ACADEMIC,"CHED-TES (ALLOWANCE - 20,000)"
COE,BEC21,EXTERNALLY,ACADEMIC,"CHED-TES (ALLOWANCE - 20,000)"
COE,BPE21,EXTERNALLY,ACADEMIC,"CHED-TES (ALLOWANCE - 20,000)"
COE,BPE21,EXTERNALLY,ACADEMIC,"CHED-TES (ALLOWANCE - 20,000)"
COE,BPE21,EXTERNALLY,ACADEMIC,"CHED-TES (ALLOWANCE - 20,000)"
COE,BPE41,EXTERNALLY,ACADEMIC,"CHED-TES (ALLOWANCE - 20,000)"
COE,BEC11,EXTERNALLY,ACADEMIC,"CHED-TES (TUITION - 10,000)"
COE,BEC21,EXTERNALLY,ACADEMIC,"CHED-TES (TUITION - 10,000)"
COE,BPE21,EXTERNALLY,ACADEMIC,"CHED-TES (TUITION - 10,000)"
COE,BPE21,EXTERNALLY,ACADEMIC,"CHED-TES (TUITION - 10,000)"
COE,BPE21,EXTERNALLY,ACADEMIC,"CHED-TES (TUITION - 10,000)"
COE,BPE41,EXTERNALLY,ACADEMIC,"CHED-TES (TUITION - 10,000)"
COE,BSE11,EXTERNALLY,ACADEMIC,CITY OF BACOOR SCHOLARSHIP- BACOOR BUDGET 50% TLMOF
COE,BSE41,EXTERNALLY,ACADEMIC,CITY OF BACOOR SCHOLARSHIP- BACOOR BUDGET 50% TLMOF
COE,BSE11,INTERNALLY,ACADEMIC,CITY OF BACOOR SCHOLARSHIP- CAS BUDGET 50% TLMOF
COE,BSE41,INTERNALLY,ACADEMIC,CITY OF BACOOR SCHOLARSHIP- CAS BUDGET 50% TLMOF
COE,EDM21,INTERNALLY,ACADEMIC,CITY OF DASMARINAS SCHOLARSHIP- 100% TLMOF
COE,SNE21,EXTERNALLY,NON ACADEMIC,DE LA SALLE COLLEGE OF ST. BENILDE (BPSP-CSB)
COE,BSE11,EXTERNALLY,NON ACADEMIC,DLSHSI- ENHANCED BR. PRESIDENT SCHOLARSHIP PROGRAM- 100% TUITION FEE
COE,BSE11,EXTERNALLY,NON ACADEMIC,DLSHSI- ENHANCED BR. PRESIDENT SCHOLARSHIP PROGRAM- 100% TUITION FEE
COE,BEC11,SPECIAL PROGRAM,NON ACADEMIC,DOLE SPES
COE,BPE11,SPECIAL PROGRAM,NON ACADEMIC,DOLE SPES
COE,BPE11,SPECIAL PROGRAM,NON ACADEMIC,DOLE SPES
COE,BPE21,SPECIAL PROGRAM,NON ACADEMIC,DOLE SPES
COE,BSE11,SPECIAL PROGRAM,NON ACADEMIC,DOLE SPES
COE,BSE11,SPECIAL PROGRAM,NON ACADEMIC,DOLE SPES
COE,BSE11,SPECIAL PROGRAM,NON ACADEMIC,DOLE SPES
COE,BSE11,SPECIAL PROGRAM,NON ACADEMIC,DOLE SPES
COE,BSE12,SPECIAL PROGRAM,NON ACADEMIC,DOLE SPES
COE,BSE12,SPECIAL PROGRAM,NON ACADEMIC,DOLE SPES
COE,BSE12,SPECIAL PROGRAM,NON ACADEMIC,DOLE SPES
COE,EDE21,SPECIAL PROGRAM,NON ACADEMIC,DOLE SPES
COE,EDE21,SPECIAL PROGRAM,NON ACADEMIC,DOLE SPES
COE,EDE21,SPECIAL PROGRAM,NON ACADEMIC,DOLE SPES
COE,EDE21,SPECIAL PROGRAM,NON ACADEMIC,DOLE SPES
COE,EDF21,SPECIAL PROGRAM,NON ACADEMIC,DOLE SPES
COE,EDF21,SPECIAL PROGRAM,NON ACADEMIC,DOLE SPES
COE,EDM21,SPECIAL PROGRAM,NON ACADEMIC,DOLE SPES
COE,EDS21,SPECIAL PROGRAM,NON ACADEMIC,DOLE SPES
COE,EDS21,SPECIAL PROGRAM,NON ACADEMIC,DOLE SPES
COE,SNE21,SPECIAL PROGRAM,NON ACADEMIC,DOLE SPES
COE,BEC11,INTERNALLY,NON ACADEMIC,ENHANCED BR. PRESIDENT SCHOLARSHIP  PROGRAM - 100% TUITION FEE DISCOUNT
COE,EDE21,INTERNALLY,NON ACADEMIC,ENHANCED BR. PRESIDENT SCHOLARSHIP  PROGRAM - 100% TUITION FEE DISCOUNT
COE,BPE21,EXTERNALLY,NON ACADEMIC,PERFORMING ARTS GROUP - 25006
COE,BPE21,EXTERNALLY,NON ACADEMIC,PERFORMING ARTS GROUP - 25018
COE,BSE11,EXTERNALLY,ACADEMIC,"SM FOUNDATION - 100% TUITION, LABORATORY, MISC AND OTHER FEES"
COE,BEC11,INTERNALLY,ACADEMIC,SPECIAL AID IN GRANT - C/O BR. GUS
COE,BSE11,INTERNALLY,ACADEMIC,SPECIAL AID IN GRANT - C/O BR. GUS
COE,BSE11,INTERNALLY,ACADEMIC,STUDENT ASSISTANSHIP - C/O VCMEAA (SSO BUDGET)
COE,BEC11,INTERNALLY,ACADEMIC,STUDENT ASSISTANTSHIP - 100% TUTION AND LABORATORY FEE DISCOUNT
COE,BEC21,INTERNALLY,ACADEMIC,STUDENT ASSISTANTSHIP - 100% TUTION AND LABORATORY FEE DISCOUNT
COE,BPE11,INTERNALLY,ACADEMIC,STUDENT ASSISTANTSHIP - 100% TUTION AND LABORATORY FEE DISCOUNT
COE,BSE11,INTERNALLY,ACADEMIC,STUDENT ASSISTANTSHIP - 100% TUTION AND LABORATORY FEE DISCOUNT
COE,BSE11,INTERNALLY,ACADEMIC,STUDENT ASSISTANTSHIP - 100% TUTION AND LABORATORY FEE DISCOUNT
COE,BSE11,INTERNALLY,ACADEMIC,STUDENT ASSISTANTSHIP - 100% TUTION AND LABORATORY FEE DISCOUNT
COE,BSE11,INTERNALLY,ACADEMIC,STUDENT ASSISTANTSHIP - 100% TUTION AND LABORATORY FEE DISCOUNT
COE,BSE11,INTERNALLY,ACADEMIC,STUDENT ASSISTANTSHIP - 100% TUTION AND LABORATORY FEE DISCOUNT
COE,BSE11,INTERNALLY,ACADEMIC,STUDENT ASSISTANTSHIP - 100% TUTION AND LABORATORY FEE DISCOUNT
COE,BSE12,INTERNALLY,ACADEMIC,STUDENT ASSISTANTSHIP - 100% TUTION AND LABORATORY FEE DISCOUNT
COE,BSE12,INTERNALLY,ACADEMIC,STUDENT ASSISTANTSHIP - 100% TUTION AND LABORATORY FEE DISCOUNT
COE,BSE12,INTERNALLY,ACADEMIC,STUDENT ASSISTANTSHIP - 100% TUTION AND LABORATORY FEE DISCOUNT
COE,BEC11,INTERNALLY,ACADEMIC,STUDENT ASSISTANTSHIP- 50% TUITION AND LABORATORY FEE DISCOUNT
COE,BEC21,INTERNALLY,ACADEMIC,STUDENT ASSISTANTSHIP- 50% TUITION AND LABORATORY FEE DISCOUNT
COE,BSE11,INTERNALLY,ACADEMIC,STUDENT ASSISTANTSHIP- 50% TUITION AND LABORATORY FEE DISCOUNT
COE,EDE21,INTERNALLY,ACADEMIC,STUDENT ASSISTANTSHIP- 50% TUITION AND LABORATORY FEE DISCOUNT
COE,EDS21,INTERNALLY,ACADEMIC,STUDENT ASSISTANTSHIP- 50% TUITION AND LABORATORY FEE DISCOUNT
COE,EDS21,INTERNALLY,ACADEMIC,STUDENT ASSISTANTSHIP- 50% TUITION AND LABORATORY FEE DISCOUNT
COE,SNE11,INTERNALLY,ACADEMIC,STUDENT ASSISTANTSHIP- 50% TUITION AND LABORATORY FEE DISCOUNT
COE,BEC21,EXTERNALLY,ACADEMIC,USAHA TEGA FOUNDATION INC. (UTFI)
COE,BPE21,EXTERNALLY,ACADEMIC,USAHA TEGA FOUNDATION INC. (UTFI)
COE,EDE21,EXTERNALLY,ACADEMIC,USAHA TEGA FOUNDATION INC. (UTFI)
COE,EDE21,EXTERNALLY,ACADEMIC,USAHA TEGA FOUNDATION INC. (UTFI)
COE,EDS21,EXTERNALLY,ACADEMIC,USAHA TEGA FOUNDATION INC. (UTFI)
COE,BPE11,INTERNALLY,NON ACADEMIC,VARSITY- 100% TLMOF
COE,BPE11,INTERNALLY,NON ACADEMIC,VARSITY- 100% TLMOF
COE,BPE11,INTERNALLY,NON ACADEMIC,VARSITY- 100% TLMOF
COE,BPE11,INTERNALLY,NON ACADEMIC,VARSITY- 100% TLMOF
COE,BPE11,INTERNALLY,NON ACADEMIC,VARSITY- 100% TLMOF
COE,BPE11,INTERNALLY,NON ACADEMIC,VARSITY- 100% TLMOF
COE,BPE11,INTERNALLY,NON ACADEMIC,VARSITY- 100% TLMOF
COE,BPE11,INTERNALLY,NON ACADEMIC,VARSITY- 100% TLMOF
COE,BPE11,INTERNALLY,NON ACADEMIC,VARSITY- 100% TLMOF
COE,BPE11,INTERNALLY,NON ACADEMIC,VARSITY- 100% TLMOF
COE,BPE21,INTERNALLY,NON ACADEMIC,VARSITY- 100% TLMOF
COE,BPE21,INTERNALLY,NON ACADEMIC,VARSITY- 100% TLMOF
COE,BPE21,INTERNALLY,NON ACADEMIC,VARSITY- 100% TLMOF
COE,BPE21,INTERNALLY,NON ACADEMIC,VARSITY- 100% TLMOF
COE,BPE21,INTERNALLY,NON ACADEMIC,VARSITY- 100% TLMOF
COE,BPE41,INTERNALLY,NON ACADEMIC,VARSITY- 100% TLMOF
COE,BPE21,INTERNALLY,NON ACADEMIC,VARSITY-25% TLF
COEGS,GME21,INTERNALLY,ACADEMIC,COE GRADUATE STUDIES- COEGS TRUSTFUND- 100%TF
COEGS,GPC31,EXTERNALLY,NON ACADEMIC,DLSHSI EMPLOYEE- STUDY GRANT DOCTORAL
COEGS,GPE41,EXTERNALLY,NON ACADEMIC,DLSHSI EMPLOYEE- STUDY GRANT DOCTORAL
COEGS,GPE41,EXTERNALLY,NON ACADEMIC,DLSHSI EMPLOYEE- STUDY GRANT DOCTORAL
COEGS,GME21,EXTERNALLY,ACADEMIC,DLSHSI EMPLOYEE- TUITION PRIVILEGE- 100% TUITION FEE
COEGS,GPE41,EXTERNALLY,ACADEMIC,DLSHSI EMPLOYEE- TUITION PRIVILEGE- 100% TUITION FEE
COEGS,GMR21,INTERNALLY,ACADEMIC,MAED IN RELIGIOUS AND VALUES EDUCATION- 10% TUITION FEE
COEGS,GMR21,INTERNALLY,ACADEMIC,MAED IN RELIGIOUS AND VALUES EDUCATION- 10% TUITION FEE
COEGS,GMR21,INTERNALLY,ACADEMIC,MAED IN RELIGIOUS AND VALUES EDUCATION- 10% TUITION FEE
COEGS,GMR21,INTERNALLY,ACADEMIC,MAED IN RELIGIOUS AND VALUES EDUCATION- 10% TUITION FEE
COEGS,GMR21,INTERNALLY,ACADEMIC,MAED IN RELIGIOUS AND VALUES EDUCATION- 10% TUITION FEE
COEGS,GMR21,INTERNALLY,ACADEMIC,MAED IN RELIGIOUS AND VALUES EDUCATION- 10% TUITION FEE
COEGS,GMR21,INTERNALLY,ACADEMIC,MAED IN RELIGIOUS AND VALUES EDUCATION- 10% TUITION FEE
COEGS,GMR21,INTERNALLY,ACADEMIC,MAED IN RELIGIOUS AND VALUES EDUCATION- 10% TUITION FEE
COEGS,GMR21,INTERNALLY,ACADEMIC,MAED IN RELIGIOUS AND VALUES EDUCATION- 10% TUITION FEE
COEGS,GMR21,INTERNALLY,ACADEMIC,MAED IN RELIGIOUS AND VALUES EDUCATION- 10% TUITION FEE
COEGS,GMR21,INTERNALLY,ACADEMIC,MAED IN RELIGIOUS AND VALUES EDUCATION- 10% TUITION FEE
COEGS,GMR21,INTERNALLY,ACADEMIC,MAED IN RELIGIOUS AND VALUES EDUCATION- 10% TUITION FEE
COEGS,GMR31,INTERNALLY,ACADEMIC,MAED IN RELIGIOUS AND VALUES EDUCATION- 10% TUITION FEE
COEGS,GMR31,INTERNALLY,ACADEMIC,MAED IN RELIGIOUS AND VALUES EDUCATION- 10% TUITION FEE
COEGS,GMR43,INTERNALLY,ACADEMIC,MAED IN RELIGIOUS AND VALUES EDUCATION- 10% TUITION FEE
COEGS,GMR51,INTERNALLY,ACADEMIC,MAED IN RELIGIOUS AND VALUES EDUCATION- 10% TUITION FEE
COEGS,GMR51,INTERNALLY,ACADEMIC,MAED IN RELIGIOUS AND VALUES EDUCATION- 10% TUITION FEE
COEGS,GMR51,INTERNALLY,ACADEMIC,MAED IN RELIGIOUS AND VALUES EDUCATION- 10% TUITION FEE
COEGS,GME31,INTERNALLY,ACADEMIC,MEMBER OF RELIGOUS ORDERS - 10% TUITION FEE
COEGS,GME51,INTERNALLY,ACADEMIC,MEMBER OF RELIGOUS ORDERS - 10% TUITION FEE
COEGS,GME51,INTERNALLY,ACADEMIC,MEMBER OF RELIGOUS ORDERS - 10% TUITION FEE
COEGS,GMG21,INTERNALLY,ACADEMIC,MEMBER OF RELIGOUS ORDERS - 10% TUITION FEE
COEGS,GMG21,INTERNALLY,ACADEMIC,MEMBER OF RELIGOUS ORDERS - 10% TUITION FEE
COEGS,GMG21,INTERNALLY,ACADEMIC,MEMBER OF RELIGOUS ORDERS - 10% TUITION FEE
COEGS,GMG51,INTERNALLY,ACADEMIC,MEMBER OF RELIGOUS ORDERS - 10% TUITION FEE
COEGS,GMG51,INTERNALLY,ACADEMIC,MEMBER OF RELIGOUS ORDERS - 10% TUITION FEE
COEGS,GMG51,INTERNALLY,ACADEMIC,MEMBER OF RELIGOUS ORDERS - 10% TUITION FEE
COEGS,GMR21,INTERNALLY,ACADEMIC,MEMBER OF RELIGOUS ORDERS - 10% TUITION FEE
COEGS,GMR21,INTERNALLY,ACADEMIC,MEMBER OF RELIGOUS ORDERS - 10% TUITION FEE
COEGS,GMR51,INTERNALLY,ACADEMIC,MEMBER OF RELIGOUS ORDERS - 10% TUITION FEE
COEGS,GMR51,INTERNALLY,ACADEMIC,MEMBER OF RELIGOUS ORDERS - 10% TUITION FEE
COEGS,GMR51,INTERNALLY,ACADEMIC,MEMBER OF RELIGOUS ORDERS - 10% TUITION FEE
COEGS,GMR51,INTERNALLY,ACADEMIC,MEMBER OF RELIGOUS ORDERS - 10% TUITION FEE
COEGS,GMR51,INTERNALLY,ACADEMIC,MEMBER OF RELIGOUS ORDERS - 10% TUITION FEE
COEGS,GMR51,INTERNALLY,ACADEMIC,MEMBER OF RELIGOUS ORDERS - 10% TUITION FEE
COEGS,GSP11,INTERNALLY,ACADEMIC,MEMBER OF RELIGOUS ORDERS - 10% TUITION FEE
COEGS,GME31,INTERNALLY,ACADEMIC,SPECIAL AID IN GRANT - C/O BR. GUS
COEGS,GME41,INTERNALLY,ACADEMIC,SPECIAL AID IN GRANT - C/O BR. GUS
COEGS,GSP41,INTERNALLY,ACADEMIC,SPECIAL AID IN GRANT - C/O BR. GUS
COSGS,GMB21,INTERNALLY,ACADEMIC,CITY OF DASMARINAS SCHOLARSHIP- 100% TLMOF
COSGS,GMB11,INTERNALLY,ACADEMIC,MEMBER OF RELIGOUS ORDERS - 10% TUITION FEE
CSCS,APM11,INTERNALLY,ACADEMIC,ACADEMIC SCHOLARSHIP - 100% TUITION FEE DISCOUNT
CSCS,MEB11,INTERNALLY,ACADEMIC,ACADEMIC SCHOLARSHIP - 100% TUITION FEE DISCOUNT
CSCS,MEB12,INTERNALLY,ACADEMIC,ACADEMIC SCHOLARSHIP - 100% TUITION FEE DISCOUNT
CSCS,MEB12,INTERNALLY,ACADEMIC,ACADEMIC SCHOLARSHIP - 100% TUITION FEE DISCOUNT
CSCS,MEB14,INTERNALLY,ACADEMIC,ACADEMIC SCHOLARSHIP - 25% TUITION FEE DISCOUNT
CSCS,BIT24,INTERNALLY,ACADEMIC,ACADEMIC SCHOLARSHIP - 50% TUITION FEE DISCOUNT
CSCS,MEB21,INTERNALLY,ACADEMIC,ACADEMIC SCHOLARSHIP - 50% TUITION FEE DISCOUNT
CSCS,MEB21,INTERNALLY,ACADEMIC,ACADEMIC SCHOLARSHIP - 50% TUITION FEE DISCOUNT
CSCS,MEB21,INTERNALLY,ACADEMIC,ACADEMIC SCHOLARSHIP - 50% TUITION FEE DISCOUNT
CSCS,MEB22,INTERNALLY,ACADEMIC,ACADEMIC SCHOLARSHIP - 50% TUITION FEE DISCOUNT
CSCS,MEB22,INTERNALLY,ACADEMIC,ACADEMIC SCHOLARSHIP - 50% TUITION FEE DISCOUNT
CSCS,MEB12,INTERNALLY,ACADEMIC,ACADEMIC SCHOLARSHIP- 75% TUITION FEE DISCOUNT
CSCS,MEB12,INTERNALLY,ACADEMIC,ACADEMIC SCHOLARSHIP- 75% TUITION FEE DISCOUNT
CSCS,MEB12,INTERNALLY,ACADEMIC,ACADEMIC SCHOLARSHIP- 75% TUITION FEE DISCOUNT
CSCS,MEB21,INTERNALLY,ACADEMIC,ACADEMIC SCHOLARSHIP- 75% TUITION FEE DISCOUNT
CSCS,MEB21,INTERNALLY,ACADEMIC,ACADEMIC SCHOLARSHIP- 75% TUITION FEE DISCOUNT
CSCS,MEB22,INTERNALLY,ACADEMIC,ACADEMIC SCHOLARSHIP- 75% TUITION FEE DISCOUNT
CSCS,MEB22,INTERNALLY,ACADEMIC,ACADEMIC SCHOLARSHIP- 75% TUITION FEE DISCOUNT
CSCS,BCS13,EXTERNALLY,ACADEMIC,CHED-CSP FULL PESFA-GAD (TUITION 30000)
CSCS,BCS12,EXTERNALLY,ACADEMIC,CHED-CSP HALF PESFA (TUITION 15000)
CSCS,BCS13,EXTERNALLY,ACADEMIC,CHED-CSP HALF PESFA (TUITION 15000)
CSCS,BIT11,EXTERNALLY,ACADEMIC,CHED-CSP HALF PESFA (TUITION 15000)
CSCS,APM21,EXTERNALLY,ACADEMIC,"CHED-TES (ALLOWANCE - 20,000)"
CSCS,BIT21,EXTERNALLY,ACADEMIC,"CHED-TES (ALLOWANCE - 20,000)"
CSCS,BIT23,EXTERNALLY,ACADEMIC,"CHED-TES (ALLOWANCE - 20,000)"
CSCS,BIT23,EXTERNALLY,ACADEMIC,"CHED-TES (ALLOWANCE - 20,000)"
CSCS,APM21,EXTERNALLY,ACADEMIC,"CHED-TES (TUITION - 10,000)"
CSCS,BIT21,EXTERNALLY,ACADEMIC,"CHED-TES (TUITION - 10,000)"
CSCS,BIT23,EXTERNALLY,ACADEMIC,"CHED-TES (TUITION - 10,000)"
CSCS,BIT23,EXTERNALLY,ACADEMIC,"CHED-TES (TUITION - 10,000)"
CSCS,BIT12,INTERNALLY,ACADEMIC,CITY OF DASMARINAS SCHOLARSHIP- 100% TLMOF
CSCS,MEB12,INTERNALLY,ACADEMIC,CITY OF DASMARINAS SCHOLARSHIP- 100% TLMOF
CSCS,BCS13,INTERNALLY,ACADEMIC,CITY OF DASMARINAS SCHOLARSHIP- CAS BUDGET 50% TLMOF
CSCS,BCS12,INTERNALLY,ACADEMIC,CITY OF IMUS SCHOLARSHIP- CAS BUDGET 50% TLMOF
CSCS,BCS12,EXTERNALLY,ACADEMIC,CITY OF IMUS SCHOLARSHIP- IMUS BUDGET 50% TLMOF
CSCS,BCS12,EXTERNALLY,ACADEMIC,CITY OF IMUS SCHOLARSHIP- IMUS BUDGET 50% TLMOF
CSCS,BIT22,EXTERNALLY,NON ACADEMIC,DLSHSI- ENHANCED BR. PRESIDENT SCHOLARSHIP PROGRAM - 75% TUITION FEE
CSCS,BIT12,EXTERNALLY,NON ACADEMIC,DLSHSI- ENHANCED BR. PRESIDENT SCHOLARSHIP PROGRAM- 100% TUITION FEE
CSCS,BIT23,EXTERNALLY,NON ACADEMIC,DLSHSI- ENHANCED BR. PRESIDENT SCHOLARSHIP PROGRAM- 100% TUITION FEE
CSCS,APM21,EXTERNALLY,NON ACADEMIC,DLSU-D SPECIAL SCHOLARSHIP FOR JAIME HILARIO INTEGRATED SCHOOL
CSCS,MEB12,EXTERNALLY,NON ACADEMIC,DLSU-MANILA BR. PRESIDENT SCHOLARSHIP PROGRAM - 100% TF
CSCS,APM11,SPECIAL PROGRAM,NON ACADEMIC,DOLE SPES
CSCS,APM21,SPECIAL PROGRAM,NON ACADEMIC,DOLE SPES
CSCS,BCS12,SPECIAL PROGRAM,NON ACADEMIC,DOLE SPES
CSCS,BCS21,SPECIAL PROGRAM,NON ACADEMIC,DOLE SPES
CSCS,BIT11,SPECIAL PROGRAM,NON ACADEMIC,DOLE SPES
CSCS,BIT11,SPECIAL PROGRAM,NON ACADEMIC,DOLE SPES
CSCS,BIT21,SPECIAL PROGRAM,NON ACADEMIC,DOLE SPES
CSCS,BIT23,SPECIAL PROGRAM,NON ACADEMIC,DOLE SPES
CSCS,BIT23,SPECIAL PROGRAM,NON ACADEMIC,DOLE SPES
CSCS,BIT23,SPECIAL PROGRAM,NON ACADEMIC,DOLE SPES
CSCS,BIT23,SPECIAL PROGRAM,NON ACADEMIC,DOLE SPES
CSCS,BIT23,SPECIAL PROGRAM,NON ACADEMIC,DOLE SPES
CSCS,BIT23,SPECIAL PROGRAM,NON ACADEMIC,DOLE SPES
CSCS,BIT24,SPECIAL PROGRAM,NON ACADEMIC,DOLE SPES
CSCS,BIT24,SPECIAL PROGRAM,NON ACADEMIC,DOLE SPES
CSCS,MEB11,SPECIAL PROGRAM,NON ACADEMIC,DOLE SPES
CSCS,BIO11,INTERNALLY,NON ACADEMIC,ENHANCED BR. PRESIDENT SCHOLARSHIP  PROGRAM - 100% TUITION FEE DISCOUNT
CSCS,BIO21,INTERNALLY,NON ACADEMIC,ENHANCED BR. PRESIDENT SCHOLARSHIP  PROGRAM - 100% TUITION FEE DISCOUNT
CSCS,BIT11,INTERNALLY,NON ACADEMIC,ENHANCED BR. PRESIDENT SCHOLARSHIP  PROGRAM - 100% TUITION FEE DISCOUNT
CSCS,BIT11,INTERNALLY,NON ACADEMIC,ENHANCED BR. PRESIDENT SCHOLARSHIP  PROGRAM - 100% TUITION FEE DISCOUNT
CSCS,BIT12,INTERNALLY,NON ACADEMIC,ENHANCED BR. PRESIDENT SCHOLARSHIP  PROGRAM - 100% TUITION FEE DISCOUNT
CSCS,MEB11,INTERNALLY,NON ACADEMIC,ENHANCED BR. PRESIDENT SCHOLARSHIP  PROGRAM - 100% TUITION FEE DISCOUNT
CSCS,MEB12,INTERNALLY,NON ACADEMIC,ENHANCED BR. PRESIDENT SCHOLARSHIP  PROGRAM - 100% TUITION FEE DISCOUNT
CSCS,BCS13,INTERNALLY,NON ACADEMIC,ENHANCED BR. PRESIDENT SCHOLARSHIP PROGRAM- 75% TUITION FEE DISCOUNT
CSCS,BIT24,INTERNALLY,NON ACADEMIC,ENHANCED BR. PRESIDENT SCHOLARSHIP PROGRAM- 75% TUITION FEE DISCOUNT
CSCS,MEB11,INTERNALLY,NON ACADEMIC,ENHANCED BR. PRESIDENT SCHOLARSHIP PROGRAM- 75% TUITION FEE DISCOUNT
CSCS,MEB11,INTERNALLY,NON ACADEMIC,ENHANCED BR. SCHOLARSHIP PROGRAM - 50% TUITION FEE DISCOUNT
CSCS,APM21,INTERNALLY,ACADEMIC,GREEN PITAKA (DLSU-D BATCH 1994 SCHOLAR)
CSCS,BIT22,INTERNALLY,ACADEMIC,MARDUNONG
CSCS,BIT12,INTERNALLY,NON ACADEMIC,NROTC-DLSUD
CSCS,BCS41,EXTERNALLY,NON ACADEMIC,PERFORMING ARTS GROUP - 15001
CSCS,BIO21,EXTERNALLY,NON ACADEMIC,PERFORMING ARTS GROUP - 20012
CSCS,BIT21,EXTERNALLY,NON ACADEMIC,PERFORMING ARTS GROUP - 20013
CSCS,BIT13,EXTERNALLY,NON ACADEMIC,PERFORMING ARTS GROUP - 20014
CSCS,BIT21,EXTERNALLY,NON ACADEMIC,PERFORMING ARTS GROUP - 20022
CSCS,APM21,EXTERNALLY,NON ACADEMIC,PERFORMING ARTS GROUP - 20027
CSCS,BIT23,EXTERNALLY,NON ACADEMIC,PERFORMING ARTS GROUP - 20029
CSCS,BIO21,EXTERNALLY,NON ACADEMIC,PERFORMING ARTS GROUP - 25001
CSCS,MEB23,EXTERNALLY,NON ACADEMIC,PERFORMING ARTS GROUP - 25004
CSCS,BIT21,EXTERNALLY,NON ACADEMIC,PERFORMING ARTS GROUP - 25009
CSCS,BIT21,EXTERNALLY,NON ACADEMIC,PERFORMING ARTS GROUP - 25010
CSCS,APM21,EXTERNALLY,NON ACADEMIC,PERFORMING ARTS GROUP - 25012
CSCS,BIT23,EXTERNALLY,NON ACADEMIC,PERFORMING ARTS GROUP - 25016
CSCS,BIT23,EXTERNALLY,NON ACADEMIC,PERFORMING ARTS GROUP - 25017
CSCS,BIT21,EXTERNALLY,NON ACADEMIC,PERFORMING ARTS GROUP - 25019
CSCS,BIT21,EXTERNALLY,NON ACADEMIC,PERFORMING ARTS GROUP - 25020
CSCS,MEB11,EXTERNALLY,ACADEMIC,PHILIPPINE VETERASNS AFFAIRS OFFICE (PVAO)
CSCS,BCS12,INTERNALLY,ACADEMIC,POLCA SCHOLARSHIP ENDOWMENT FUND - 100% TF
CSCS,APM11,INTERNALLY,ACADEMIC,STUDENT ASSISTANTSHIP - 100% TUTION AND LABORATORY FEE DISCOUNT
CSCS,BCS11,INTERNALLY,ACADEMIC,STUDENT ASSISTANTSHIP- 50% TUITION AND LABORATORY FEE DISCOUNT
CSCS,BCS12,INTERNALLY,ACADEMIC,STUDENT ASSISTANTSHIP- 50% TUITION AND LABORATORY FEE DISCOUNT
CSCS,BCS12,INTERNALLY,ACADEMIC,STUDENT ASSISTANTSHIP- 50% TUITION AND LABORATORY FEE DISCOUNT
CSCS,BCS12,INTERNALLY,ACADEMIC,STUDENT ASSISTANTSHIP- 50% TUITION AND LABORATORY FEE DISCOUNT
CSCS,BCS21,INTERNALLY,ACADEMIC,STUDENT ASSISTANTSHIP- 50% TUITION AND LABORATORY FEE DISCOUNT
CSCS,BCS22,INTERNALLY,ACADEMIC,STUDENT ASSISTANTSHIP- 50% TUITION AND LABORATORY FEE DISCOUNT
CSCS,BCS22,INTERNALLY,ACADEMIC,STUDENT ASSISTANTSHIP- 50% TUITION AND LABORATORY FEE DISCOUNT
CSCS,BCS22,INTERNALLY,ACADEMIC,STUDENT ASSISTANTSHIP- 50% TUITION AND LABORATORY FEE DISCOUNT
CSCS,BIT11,INTERNALLY,ACADEMIC,STUDENT ASSISTANTSHIP- 50% TUITION AND LABORATORY FEE DISCOUNT
CSCS,BIT11,INTERNALLY,ACADEMIC,STUDENT ASSISTANTSHIP- 50% TUITION AND LABORATORY FEE DISCOUNT
CSCS,BIT11,INTERNALLY,ACADEMIC,STUDENT ASSISTANTSHIP- 50% TUITION AND LABORATORY FEE DISCOUNT
CSCS,BIT12,INTERNALLY,ACADEMIC,STUDENT ASSISTANTSHIP- 50% TUITION AND LABORATORY FEE DISCOUNT
CSCS,BIT13,INTERNALLY,ACADEMIC,STUDENT ASSISTANTSHIP- 50% TUITION AND LABORATORY FEE DISCOUNT
CSCS,BIT13,INTERNALLY,ACADEMIC,STUDENT ASSISTANTSHIP- 50% TUITION AND LABORATORY FEE DISCOUNT
CSCS,BIT13,INTERNALLY,ACADEMIC,STUDENT ASSISTANTSHIP- 50% TUITION AND LABORATORY FEE DISCOUNT
CSCS,BIT13,INTERNALLY,ACADEMIC,STUDENT ASSISTANTSHIP- 50% TUITION AND LABORATORY FEE DISCOUNT
CSCS,BIT13,INTERNALLY,ACADEMIC,STUDENT ASSISTANTSHIP- 50% TUITION AND LABORATORY FEE DISCOUNT
CSCS,BIT13,INTERNALLY,ACADEMIC,STUDENT ASSISTANTSHIP- 50% TUITION AND LABORATORY FEE DISCOUNT
CSCS,BIT22,INTERNALLY,ACADEMIC,STUDENT ASSISTANTSHIP- 50% TUITION AND LABORATORY FEE DISCOUNT
CSCS,BIT23,INTERNALLY,ACADEMIC,STUDENT ASSISTANTSHIP- 50% TUITION AND LABORATORY FEE DISCOUNT
CSCS,BIT23,INTERNALLY,ACADEMIC,STUDENT ASSISTANTSHIP- 50% TUITION AND LABORATORY FEE DISCOUNT
CSCS,BIT23,INTERNALLY,ACADEMIC,STUDENT ASSISTANTSHIP- 50% TUITION AND LABORATORY FEE DISCOUNT
CSCS,BIT23,INTERNALLY,ACADEMIC,STUDENT ASSISTANTSHIP- 50% TUITION AND LABORATORY FEE DISCOUNT
CSCS,BIT23,INTERNALLY,ACADEMIC,STUDENT ASSISTANTSHIP- 50% TUITION AND LABORATORY FEE DISCOUNT
CSCS,BIT23,INTERNALLY,ACADEMIC,STUDENT ASSISTANTSHIP- 50% TUITION AND LABORATORY FEE DISCOUNT
CSCS,BIT24,INTERNALLY,ACADEMIC,STUDENT ASSISTANTSHIP- 50% TUITION AND LABORATORY FEE DISCOUNT
CSCS,BIT24,INTERNALLY,ACADEMIC,STUDENT ASSISTANTSHIP- 50% TUITION AND LABORATORY FEE DISCOUNT
CSCS,APM21,EXTERNALLY,ACADEMIC,USAHA TEGA FOUNDATION INC. (UTFI)
CSCS,APM21,EXTERNALLY,ACADEMIC,USAHA TEGA FOUNDATION INC. (UTFI)
CSCS,BIO11,INTERNALLY,NON ACADEMIC,VARSITY - 25% TLMOF
CSCS,BIO12,INTERNALLY,NON ACADEMIC,VARSITY - 75% TLMOF
CSCS,BCS22,INTERNALLY,NON ACADEMIC,VARSITY- 100% TLMOF
CSCS,BIT13,INTERNALLY,NON ACADEMIC,VARSITY- 100% TLMOF
CSCS,HUB41,INTERNALLY,NON ACADEMIC,VARSITY- 100% TLMOF
CSCS,BIO12,INTERNALLY,NON ACADEMIC,VARSITY- 50% TLF
CSCS,BIT22,INTERNALLY,ACADEMIC,VICISSITUDE - 25%TF
CSCS,BIT22,INTERNALLY,ACADEMIC,VICISSITUDE - 25%TF
CSCS,BIT22,INTERNALLY,ACADEMIC,VICISSITUDE - 50%TF
CSCSGS,MIT11,EXTERNALLY,ACADEMIC,DLSHSI EMPLOYEE- TUITION PRIVILEGE- 100% TUITION FEE
CTHM,BTM23,INTERNALLY,NON ACADEMIC, VARSITY -  50% TLMOF
CTHM,HRM22,INTERNALLY,ACADEMIC,ACADEMIC SCHOLARSHIP - 25% TUITION FEE DISCOUNT
CTHM,BTM24,INTERNALLY,ACADEMIC,ACADEMIC SCHOLARSHIP- 75% TUITION FEE DISCOUNT
CTHM,BTM21,EXTERNALLY,ACADEMIC,CHED CSP-PESFA (TUITION 7500)
CTHM,BTM12,EXTERNALLY,ACADEMIC,CHED-CSP HALF PESFA (TUITION 15000)
CTHM,BTM12,EXTERNALLY,ACADEMIC,CHED-CSP HALF PESFA (TUITION 15000)
CTHM,BTM42,EXTERNALLY,ACADEMIC,"CHED-TES (ALLOWANCE - 20,000)"
CTHM,HRN11,EXTERNALLY,ACADEMIC,"CHED-TES (ALLOWANCE - 20,000)"
CTHM,HRN11,EXTERNALLY,ACADEMIC,"CHED-TES (ALLOWANCE - 20,000)"
CTHM,BTM42,EXTERNALLY,ACADEMIC,"CHED-TES (TUITION - 10,000)"
CTHM,HRN11,EXTERNALLY,ACADEMIC,"CHED-TES (TUITION - 10,000)"
CTHM,HRN11,EXTERNALLY,ACADEMIC,"CHED-TES (TUITION - 10,000)"
CTHM,HRM41,INTERNALLY,ACADEMIC,CITY OF DASMARI?AS SCHOLARS- SCHOLARSHIP BUDGET 50%TLMOF
CTHM,HRM41,INTERNALLY,ACADEMIC,CITY OF DASMARI?AS SCHOLARSHIP
CTHM,BTM12,INTERNALLY,ACADEMIC,CITY OF DASMARINAS SCHOLARSHIP- 100% TLMOF
CTHM,BTM24,INTERNALLY,ACADEMIC,CITY OF DASMARINAS SCHOLARSHIP- 100% TLMOF
CTHM,BTM24,INTERNALLY,ACADEMIC,CITY OF DASMARINAS SCHOLARSHIP- 100% TLMOF
CTHM,BTM41,INTERNALLY,ACADEMIC,CITY OF DASMARINAS SCHOLARSHIP- 100% TLMOF
CTHM,HRM11,INTERNALLY,ACADEMIC,CITY OF DASMARINAS SCHOLARSHIP- 100% TLMOF
CTHM,HRM21,INTERNALLY,ACADEMIC,CITY OF DASMARINAS SCHOLARSHIP- 100% TLMOF
CTHM,HRM23,INTERNALLY,ACADEMIC,CITY OF DASMARINAS SCHOLARSHIP- 100% TLMOF
CTHM,BTM14,INTERNALLY,ACADEMIC,CITY OF IMUS SCHOLARSHIP- CAS BUDGET 50% TLMOF
CTHM,BTM14,EXTERNALLY,ACADEMIC,CITY OF IMUS SCHOLARSHIP- IMUS BUDGET 50% TLMOF
CTHM,BTM11,EXTERNALLY,NON ACADEMIC,DE LA SALLE COLLEGE OF ST. BENILDE (BPSP-CSB)
CTHM,HRM41,EXTERNALLY,NON ACADEMIC,DE LA SALLE COLLEGE OF ST. BENILDE (BPSP-CSB)
CTHM,BTM13,EXTERNALLY,NON ACADEMIC,DLSHSI- ENHANCED BR. PRESIDENT SCHOLARSHIP PROGRAM - 75% TUITION FEE
CTHM,BTM21,EXTERNALLY,NON ACADEMIC,DLSHSI- ENHANCED BR. PRESIDENT SCHOLARSHIP PROGRAM - 75% TUITION FEE
CTHM,BTM22,EXTERNALLY,NON ACADEMIC,DLSHSI- ENHANCED BR. PRESIDENT SCHOLARSHIP PROGRAM- 100% TUITION FEE
CTHM,BTM22,EXTERNALLY,NON ACADEMIC,DLSHSI- ENHANCED BR. PRESIDENT SCHOLARSHIP PROGRAM- 100% TUITION FEE
CTHM,HRM11,EXTERNALLY,NON ACADEMIC,DLSHSI- ENHANCED BR. PRESIDENT SCHOLARSHIP PROGRAM- 100% TUITION FEE
CTHM,BTM21,SPECIAL PROGRAM,NON ACADEMIC,DOLE SPES
CTHM,BTM21,SPECIAL PROGRAM,NON ACADEMIC,DOLE SPES
CTHM,HRM22,SPECIAL PROGRAM,NON ACADEMIC,DOLE SPES
CTHM,HRM23,SPECIAL PROGRAM,NON ACADEMIC,DOLE SPES
CTHM,BTM12,INTERNALLY,NON ACADEMIC,ENHANCED BR. PRESIDENT SCHOLARSHIP  PROGRAM - 100% TUITION FEE DISCOUNT
CTHM,HRM11,INTERNALLY,NON ACADEMIC,ENHANCED BR. PRESIDENT SCHOLARSHIP  PROGRAM - 100% TUITION FEE DISCOUNT
CTHM,HRM11,INTERNALLY,NON ACADEMIC,ENHANCED BR. PRESIDENT SCHOLARSHIP  PROGRAM - 100% TUITION FEE DISCOUNT
CTHM,HRM21,INTERNALLY,NON ACADEMIC,ENHANCED BR. PRESIDENT SCHOLARSHIP  PROGRAM - 100% TUITION FEE DISCOUNT
CTHM,HRM13,EXTERNALLY,NON ACADEMIC,LCCK-PUREGOLD
CTHM,HRM21,EXTERNALLY,NON ACADEMIC,PERFORMING ARTS GROUP - 20002
CTHM,HRM22,EXTERNALLY,NON ACADEMIC,PERFORMING ARTS GROUP - 20030
CTHM,HRM11,INTERNALLY,ACADEMIC,POLCA SCHOLARSHIP ENDOWMENT FUND - 50% TF
CTHM,HRM22,INTERNALLY,ACADEMIC,POLCA SCHOLARSHIP ENDOWMENT FUND - 50% TF
CTHM,BTM11,INTERNALLY,ACADEMIC,STUDENT ASSISTANTSHIP- 50% TUITION AND LABORATORY FEE DISCOUNT
CTHM,BTM11,INTERNALLY,ACADEMIC,STUDENT ASSISTANTSHIP- 50% TUITION AND LABORATORY FEE DISCOUNT
CTHM,BTM12,INTERNALLY,ACADEMIC,STUDENT ASSISTANTSHIP- 50% TUITION AND LABORATORY FEE DISCOUNT
CTHM,BTM15,INTERNALLY,ACADEMIC,STUDENT ASSISTANTSHIP- 50% TUITION AND LABORATORY FEE DISCOUNT
CTHM,BTM21,INTERNALLY,ACADEMIC,STUDENT ASSISTANTSHIP- 50% TUITION AND LABORATORY FEE DISCOUNT
CTHM,BTM22,INTERNALLY,ACADEMIC,STUDENT ASSISTANTSHIP- 50% TUITION AND LABORATORY FEE DISCOUNT
CTHM,BTM24,INTERNALLY,ACADEMIC,STUDENT ASSISTANTSHIP- 50% TUITION AND LABORATORY FEE DISCOUNT
CTHM,HRM12,INTERNALLY,NON ACADEMIC,VARSITY - 25% TLMOF
CTHM,HRM11,INTERNALLY,NON ACADEMIC,VARSITY - 75% TLF
CTHM,HRM22,INTERNALLY,NON ACADEMIC,VARSITY - 75% TLF
CTHM,BTM14,INTERNALLY,NON ACADEMIC,VARSITY - 75% TLMOF
CTHM,BTM15,INTERNALLY,NON ACADEMIC,VARSITY - 75% TLMOF
CTHM,BTM14,INTERNALLY,NON ACADEMIC,VARSITY- 100% TLF
CTHM,BTM23,INTERNALLY,NON ACADEMIC,VARSITY- 100% TLF
CTHM,BTM24,INTERNALLY,NON ACADEMIC,VARSITY- 100% TLF
CTHM,BTM12,INTERNALLY,NON ACADEMIC,VARSITY- 100% TLMOF
CTHM,BTM14,INTERNALLY,NON ACADEMIC,VARSITY- 100% TLMOF
CTHM,BTM15,INTERNALLY,NON ACADEMIC,VARSITY- 100% TLMOF
CTHM,BTM15,INTERNALLY,NON ACADEMIC,VARSITY- 100% TLMOF
CTHM,BTM24,INTERNALLY,NON ACADEMIC,VARSITY- 100% TLMOF
CTHM,HRM11,INTERNALLY,NON ACADEMIC,VARSITY- 100% TLMOF
CTHM,HRM11,INTERNALLY,NON ACADEMIC,VARSITY- 100% TLMOF
CTHM,HRM41,INTERNALLY,NON ACADEMIC,VARSITY- 100% TLMOF
CTHM,HRM41,INTERNALLY,NON ACADEMIC,VARSITY- 100% TLMOF
CTHM,HRM42,INTERNALLY,NON ACADEMIC,VARSITY- 100% TLMOF
CTHM,BTM13,INTERNALLY,NON ACADEMIC,VARSITY-25% TLF
